name,url,cr,type,size,ac,hp,speed,align,legendary,source,str,dex,con,int,wis,cha
boggle,,1/8,fey,Small,14,18,,chaotic neutral,,Volo's Guide to Monsters,8,18,13,6,12,7
camel,https://www.aidedd.org/dnd/monstres.php?vo=camel,1/8,beast,Large,9,15,,unaligned,,Monster Manual (SRD),16,8,14,2,8,5
giant-crab,https://www.aidedd.org/dnd/monstres.php?vo=giant-crab,1/8,beast,Medium,15,13,swim,unaligned,,Monster Manual (SRD),13,15,11,1,9,3
bandit,https://www.aidedd.org/dnd/monstres.php?vo=bandit,1/8,humanoid (any race),Medium,12,11,,any non-lawful alignment,,Monster Manual (SRD),11,12,12,10,10,10
dolphin,https://www.aidedd.org/dnd/monstres.php?vo=dolphin,1/8,beast,Medium,12,11,swim,unaligned,,Volo's Guide to Monsters,14,13,13,6,12,7
guard,https://www.aidedd.org/dnd/monstres.php?vo=guard,1/8,humanoid (any race),Medium,16,11,,any alignment,,Monster Manual (SRD),13,12,12,10,11,10
merfolk,https://www.aidedd.org/dnd/monstres.php?vo=merfolk,1/8,humanoid (merfolk),Medium,11,11,swim,neutral,,Monster Manual (SRD),10,13,12,11,11,12
mule,https://www.aidedd.org/dnd/monstres.php?vo=mule,1/8,beast,Medium,10,11,,unaligned,,Monster Manual (SRD),14,10,13,2,10,5
pony,https://www.aidedd.org/dnd/monstres.php?vo=pony,1/8,beast,Medium,10,11,,unaligned,,Monster Manual (SRD),15,10,13,2,11,7
tribal-warrior,https://www.aidedd.org/dnd/monstres.php?vo=tribal-warrior,1/8,humanoid (any race),Medium,12,11,,any alignment,,Monster Manual (SRD),13,11,12,8,11,8
slaad-tadpole,,1/8,aberration,Tiny,12,10,,chaotic neutral,,Monster Manual,7,15,10,3,5,3
cultist,https://www.aidedd.org/dnd/monstres.php?vo=cultist,1/8,humanoid (any race),Medium,12,9,,any non-good alignment,,Monster Manual (SRD),11,12,10,10,11,10
giant-weasel,https://www.aidedd.org/dnd/monstres.php?vo=giant-weasel,1/8,beast,Medium,13,9,,unaligned,,Monster Manual (SRD),11,16,10,4,12,5
manes,,1/8,fiend (demon),Small,9,9,,chaotic evil,,Monster Manual,10,9,13,3,8,4
noble,https://www.aidedd.org/dnd/monstres.php?vo=noble,1/8,humanoid (any race),Medium,15,9,,any alignment,,Monster Manual (SRD),11,12,11,12,14,16
young-kruthik,,1/8,monstrosity,Small,16,9,,unaligned,,Mordenkainen's Tome of Foes,13,16,16,4,10,6
blood-hawk,https://www.aidedd.org/dnd/monstres.php?vo=blood-hawk,1/8,beast,Small,12,7,fly,unaligned,,Monster Manual (SRD),6,14,10,3,14,5
flumph,,1/8,aberration,Small,12,7,fly,lawful good,,Monster Manual,6,15,10,14,14,11
giant-rat,https://www.aidedd.org/dnd/monstres.php?vo=giant-rat,1/8,beast,Small,12,7,,unaligned,,Monster Manual (SRD),7,15,11,2,10,4
neogi-hatchling,,1/8,aberration,Tiny,11,7,,lawful evil,,Volo's Guide to Monsters,3,13,10,6,10,9
xvart,,1/8,humanoid (xvart),Small,13,7,,chaotic evil,,Volo's Guide to Monsters,8,14,10,8,7,7
flying-snake,https://www.aidedd.org/dnd/monstres.php?vo=flying-snake,1/8,beast,Tiny,14,5,"fly, swim",unaligned,,Monster Manual (SRD),4,18,11,2,12,5
kobold,https://www.aidedd.org/dnd/monstres.php?vo=kobold,1/8,humanoid (kobold),Small,12,5,,lawful evil,,Monster Manual (SRD),7,15,9,8,7,8
mastiff,https://www.aidedd.org/dnd/monstres.php?vo=mastiff,1/8,beast,Medium,12,5,,unaligned,,Monster Manual (SRD),13,14,12,3,12,7
monodrone,,1/8,construct,Medium,15,5,fly,lawful neutral,,Monster Manual,10,13,12,4,10,5
wild-dog,https://www.aidedd.org/dnd/monstres.php?vo=wild-dog,1/8,beast,Medium,12,5,,unaligned,,Extra (Adventurers League),13,14,12,3,12,7
twig-blight,https://www.aidedd.org/dnd/monstres.php?vo=twig-blight,1/8,plant,Small,13,4,,neutral evil,,Monster Manual (SRD),6,13,12,4,8,3
poisonous-snake,https://www.aidedd.org/dnd/monstres.php?vo=poisonous-snake,1/8,beast,Tiny,13,2,swim,unaligned,,Monster Manual (SRD),2,16,11,1,10,3
stirge,https://www.aidedd.org/dnd/monstres.php?vo=stirge,1/8,beast,Tiny,14,2,fly,unaligned,,Monster Manual (SRD),4,16,11,2,8,6
yellow-musk-zombie,,1/4,undead,Medium,9,33,,unaligned,,Adventures (Tomb of Annihilation),13,9,12,1,6,3
albino-dwarf-warrior,,1/4,humanoid (dwarf),Medium,13,30,,any alignment,,Adventures (Tomb of Annihilation),13,13,17,12,14,11
mud-mephit,https://www.aidedd.org/dnd/monstres.php?vo=mud-mephit,1/4,elemental,Small,11,27,"fly, swim",neutral evil,,Monster Manual (SRD),8,12,12,9,11,7
swarm-of-rats,https://www.aidedd.org/dnd/monstres.php?vo=swarm-of-rats,1/4,swarm of Tiny beasts,Medium,10,24,,unaligned,,Monster Manual (SRD),9,11,9,2,10,3
swarm-of-ravens,https://www.aidedd.org/dnd/monstres.php?vo=swarm-of-ravens,1/4,swarm of Tiny beasts,Medium,12,24,fly,unaligned,,Monster Manual (SRD),6,14,8,3,12,6
blink-dog,https://www.aidedd.org/dnd/monstres.php?vo=blink-dog,1/4,fey,Medium,13,22,,lawful good,,Monster Manual (SRD),12,17,12,10,13,11
giant-bat,https://www.aidedd.org/dnd/monstres.php?vo=giant-bat,1/4,beast,Large,13,22,fly,unaligned,,Monster Manual (SRD),15,16,11,2,12,6
smoke-mephit,https://www.aidedd.org/dnd/monstres.php?vo=smoke-mephit,1/4,elemental,Small,12,22,fly,neutral evil,,Monster Manual (SRD),6,14,12,10,10,11
swarm-of-bats,https://www.aidedd.org/dnd/monstres.php?vo=swarm-of-bats,1/4,swarm of Tiny beasts,Medium,12,22,fly,unaligned,,Monster Manual (SRD),5,15,10,2,12,4
tabaxi-minstrel,,1/4,humanoid (tabaxi),Medium,12,22,,chaotic good,,Adventures (Tomb of Annihilation),11,15,11,14,12,16
tortle,,1/4,humanoid (tortle),Medium,17,22,,lawful good,,Mordenkainen's Tome of Foes,15,10,12,11,13,12
zombie,https://www.aidedd.org/dnd/monstres.php?vo=zombie,1/4,undead,Medium,8,22,,neutral evil,,Monster Manual (SRD),13,6,16,3,6,5
steam-mephit,https://www.aidedd.org/dnd/monstres.php?vo=steam-mephit,1/4,elemental,Small,10,21,fly,neutral evil,,Monster Manual (SRD),5,11,10,11,10,12
axe-beak,https://www.aidedd.org/dnd/monstres.php?vo=axe-beak,1/4,beast,Large,11,19,,unaligned,,Monster Manual (SRD),14,12,12,2,10,5
dimetrodon,,1/4,beast,Medium,12,19,swim,unaligned,,Adventures (Tomb of Annihilation),14,10,15,2,10,5
draft-horse,https://www.aidedd.org/dnd/monstres.php?vo=draft-horse,1/4,beast,Large,10,19,,unaligned,,Monster Manual (SRD),18,10,12,2,11,7
giant-lizard,https://www.aidedd.org/dnd/monstres.php?vo=giant-lizard,1/4,beast,Large,12,19,,unaligned,,Monster Manual (SRD),15,12,13,2,10,5
giant-owl,https://www.aidedd.org/dnd/monstres.php?vo=giant-owl,1/4,beast,Large,12,19,fly,neutral,,Monster Manual (SRD),13,15,12,8,13,10
mummified-warrior,https://www.aidedd.org/dnd/monstres.php?vo=mummified-warrior,1/4,undead,Medium,8,19,,neutral,,Extra (AideDD),13,6,14,8,6,8
dretch,https://www.aidedd.org/dnd/monstres.php?vo=dretch,1/4,fiend (demon),Small,11,18,,chaotic evil,,Monster Manual (SRD),11,11,12,5,8,3
giant-frog,https://www.aidedd.org/dnd/monstres.php?vo=giant-frog,1/4,beast,Medium,11,18,swim,unaligned,,Monster Manual (SRD),12,13,11,2,10,3
kuo-toa,https://www.aidedd.org/dnd/monstres.php?vo=kuo-toa,1/4,humanoid (kuo-toa),Medium,13,18,swim,neutral evil,,Monster Manual (BR),13,10,11,11,10,8
oblex-spawn,,1/4,ooze,Tiny,13,18,,lawful evil,,Mordenkainen's Tome of Foes,8,16,15,14,11,10
violet-fungus,https://www.aidedd.org/dnd/monstres.php?vo=violet-fungus,1/4,plant,Medium,5,18,,unaligned,,Monster Manual (SRD),3,1,10,1,3,1
flying-sword,https://www.aidedd.org/dnd/monstres.php?vo=flying-sword,1/4,construct,Small,17,17,fly,unaligned,,Monster Manual (SRD),12,15,11,1,5,1
star-spawn-grue,,1/4,aberration,Small,11,17,,neutral evil,,Mordenkainen's Tome of Foes,6,13,10,9,11,6
cow,https://www.aidedd.org/dnd/monstres.php?vo=cow,1/4,beast,Large,10,15,,unaligned,,Volo's Guide to Monsters,18,10,14,2,10,4
aarakocra,https://www.aidedd.org/dnd/monstres.php?vo=aarakocra,1/4,humanoid (aarakocra),Medium,12,13,fly,neutral good,,Monster Manual (BR),10,14,10,11,12,11
constrictor-snake,https://www.aidedd.org/dnd/monstres.php?vo=constrictor-snake,1/4,beast,Large,12,13,swim,unaligned,,Monster Manual (SRD),15,14,12,1,10,3
derro,,1/4,humanoid (derro),Small,13,13,,chaotic evil,,Mordenkainen's Tome of Foes,10,14,12,11,5,9
drow,https://www.aidedd.org/dnd/monstres.php?vo=drow,1/4,humanoid (elf),Medium,15,13,,neutral evil,,Monster Manual (SRD),10,14,10,11,11,12
elk,https://www.aidedd.org/dnd/monstres.php?vo=elk,1/4,beast,Large,10,13,,unaligned,,Monster Manual (SRD),16,10,12,2,10,6
giant-badger,https://www.aidedd.org/dnd/monstres.php?vo=giant-badger,1/4,beast,Medium,10,13,,unaligned,,Monster Manual (SRD),13,10,15,2,12,5
kenku,https://www.aidedd.org/dnd/monstres.php?vo=kenku,1/4,humanoid (kenku),Medium,13,13,,chaotic neutral,,Monster Manual (BR),10,16,10,11,10,10
kobold-inventor,https://www.aidedd.org/dnd/monstres.php?vo=kobold-inventor,1/4,humanoid (kobold),Small,12,13,,lawful evil,,Volo's Guide to Monsters,7,15,12,8,7,8
male-steeder,,1/4,monstrosity,Medium,12,13,,unaligned,,Mordenkainen's Tome of Foes,15,12,14,2,10,3
panther,https://www.aidedd.org/dnd/monstres.php?vo=panther,1/4,beast,Medium,12,13,,unaligned,,Monster Manual (SRD),14,15,10,3,14,7
pteranodon,https://www.aidedd.org/dnd/monstres.php?vo=pteranodon,1/4,beast,Medium,13,13,fly,unaligned,,Monster Manual (SRD),12,15,10,2,9,5
riding-horse,https://www.aidedd.org/dnd/monstres.php?vo=riding-horse,1/4,beast,Large,10,13,,unaligned,,Monster Manual (SRD),16,10,12,2,11,7
skeleton,https://www.aidedd.org/dnd/monstres.php?vo=skeleton,1/4,undead,Medium,13,13,,lawful evil,,Monster Manual (SRD),10,14,15,6,8,5
troglodyte,https://www.aidedd.org/dnd/monstres.php?vo=troglodyte,1/4,humanoid (troglodyte),Medium,11,13,,chaotic evil,,Monster Manual (BR),14,10,14,6,10,6
boar,https://www.aidedd.org/dnd/monstres.php?vo=boar,1/4,beast,Medium,11,11,,unaligned,,Monster Manual (SRD),13,11,12,2,9,5
bullywug,https://www.aidedd.org/dnd/monstres.php?vo=bullywug,1/4,humanoid (bullywug),Medium,15,11,swim,neutral evil,,Monster Manual (BR),12,12,13,7,10,7
duodrone,,1/4,construct,Medium,15,11,,lawful neutral,,Monster Manual,11,13,12,6,10,7
giant-poisonous-snake,https://www.aidedd.org/dnd/monstres.php?vo=giant-poisonous-snake,1/4,beast,Medium,14,11,swim,unaligned,,Monster Manual (SRD),10,18,13,2,10,3
giant-wolf-spider,https://www.aidedd.org/dnd/monstres.php?vo=giant-wolf-spider,1/4,beast,Medium,13,11,,unaligned,,Monster Manual (SRD),12,16,13,3,12,4
gnoll-witherling,,1/4,undead,Medium,12,11,,chaotic evil,,Volo's Guide to Monsters,14,8,12,5,5,5
grimlock,https://www.aidedd.org/dnd/monstres.php?vo=grimlock,1/4,humanoid (grimlock),Medium,11,11,,neutral evil,,Monster Manual (SRD),16,12,12,9,8,6
grung,,1/4,humanoid (grung),Small,12,11,,lawful evil,,Volo's Guide to Monsters,7,14,15,10,11,10
needle-blight,,1/4,plant,Medium,12,11,,neutral evil,,Monster Manual,12,12,13,4,8,3
night-blade,,1/4,humanoid (human),Medium,12,11,,chaotic evil,,Adventures (Descent into Avernus),,,,,,
wolf,https://www.aidedd.org/dnd/monstres.php?vo=wolf,1/4,beast,Medium,13,11,,unaligned,,Monster Manual (SRD),12,15,12,3,12,6
the-wretched,,1/4,monstrosity,Small,15,10,,neutral evil,,Mordenkainen's Tome of Foes,7,12,9,5,6,5
velociraptor,,1/4,beast,Tiny,13,10,,unaligned,,Volo's Guide to Monsters,6,14,13,4,12,6
acolyte,https://www.aidedd.org/dnd/monstres.php?vo=acolyte,1/4,humanoid (any race),Medium,10,9,,any alignment,,Monster Manual (SRD),10,10,10,10,14,11
apprentice-wizard,,1/4,humanoid (any race),Medium,10,9,,any alignment,,Volo's Guide to Monsters,10,10,10,14,10,11
vegepygmy,,1/4,plant,Small,13,9,,neutral,,Volo's Guide to Monsters,7,14,13,6,11,7
goblin,https://www.aidedd.org/dnd/monstres.php?vo=goblin,1/4,humanoid (goblinoid),Small,15,7,,neutral evil,,Monster Manual (SRD),8,14,10,10,8,8
pseudodragon,https://www.aidedd.org/dnd/monstres.php?vo=pseudodragon,1/4,dragon,Tiny,13,7,fly,neutral good,,Monster Manual (SRD),6,15,13,10,12,10
winged-kobold,https://www.aidedd.org/dnd/monstres.php?vo=winged-kobold,1/4,humanoid (kobold),Small,13,7,fly,lawful evil,,Monster Manual (BR),7,16,9,8,7,8
giant-centipede,https://www.aidedd.org/dnd/monstres.php?vo=giant-centipede,1/4,beast,Small,13,4,,unaligned,,Monster Manual (SRD),5,14,12,1,7,3
sprite,https://www.aidedd.org/dnd/monstres.php?vo=sprite,1/4,fey,Tiny,15,2,fly,neutral good,,Monster Manual (SRD),3,18,10,14,13,11
pixie,,1/4,fey,Tiny,15,1,fly,neutral good,,Monster Manual,2,20,8,10,14,15
thug,https://www.aidedd.org/dnd/monstres.php?vo=thug,1/2,humanoid (any race),Medium,11,32,,any non-good alignment,,Monster Manual (SRD),15,11,14,10,10,11
satyr,https://www.aidedd.org/dnd/monstres.php?vo=satyr,1/2,fey,Medium,14,31,,chaotic neutral,,Monster Manual (SRD),12,16,11,12,10,14
cockatrice,https://www.aidedd.org/dnd/monstres.php?vo=cockatrice,1/2,monstrosity,Small,11,27,fly,unaligned,,Monster Manual (SRD),6,12,12,2,13,5
rust-monster,https://www.aidedd.org/dnd/monstres.php?vo=rust-monster,1/2,monstrosity,Medium,14,27,,unaligned,,Monster Manual (SRD),13,12,13,2,13,6
vine-blight,,1/2,plant,Medium,12,26,,neutral evil,,Monster Manual,15,8,14,5,10,3
worg,https://www.aidedd.org/dnd/monstres.php?vo=worg,1/2,monstrosity,Large,13,26,,neutral evil,,Monster Manual (SRD),16,13,13,7,11,8
ambush-drake,,1/2,dragon,Medium,13,22,,unaligned,,Adventures (Tyranny of Dragons),,,,,,
darkmantle,https://www.aidedd.org/dnd/monstres.php?vo=darkmantle,1/2,monstrosity,Small,11,22,fly,unaligned,,Monster Manual (SRD),16,12,13,2,10,5
firenewt-warrior,,1/2,humanoid (firenewt),Medium,16,22,,neutral evil,,Volo's Guide to Monsters,10,13,12,7,11,8
fist-of-bane,,1/2,humanoid (human),Medium,18,22,,lawful evil,,Adventures (Descent into Avernus),,,,,,
gnoll,https://www.aidedd.org/dnd/monstres.php?vo=gnoll,1/2,humanoid (gnoll),Medium,15,22,,chaotic evil,,Monster Manual (SRD),14,12,11,6,10,7
gnoll-hunter,,1/2,humanoid (gnoll),Medium,13,22,,chaotic evil,,Volo's Guide to Monsters,14,14,12,8,12,8
gray-ooze,https://www.aidedd.org/dnd/monstres.php?vo=gray-ooze,1/2,ooze,Medium,8,22,,unaligned,,Monster Manual (SRD),12,6,16,1,6,2
lizardfolk,https://www.aidedd.org/dnd/monstres.php?vo=lizardfolk,1/2,humanoid (lizardfolk),Medium,15,22,swim,neutral,,Monster Manual (SRD),15,10,13,7,12,7
magma-mephit,https://www.aidedd.org/dnd/monstres.php?vo=magma-mephit,1/2,elemental,Small,11,22,fly,neutral evil,,Monster Manual (SRD),8,12,12,7,10,10
myconid-adult,,1/2,plant,Medium,12,22,,lawful neutral,,Monster Manual,10,10,12,10,13,7
piercer,https://www.aidedd.org/dnd/monstres.php?vo=piercer,1/2,monstrosity,Medium,15,22,,unaligned,,Monster Manual (BR),10,13,16,1,7,3
reef-shark,https://www.aidedd.org/dnd/monstres.php?vo=reef-shark,1/2,beast,Medium,12,22,swim,unaligned,,Monster Manual (SRD),14,13,13,1,10,4
sahuagin,https://www.aidedd.org/dnd/monstres.php?vo=sahuagin,1/2,humanoid (sahuagin),Medium,12,22,swim,lawful evil,,Monster Manual (SRD),13,11,12,12,13,9
swarm-of-insects,https://www.aidedd.org/dnd/monstres.php?vo=swarm-of-insects,1/2,swarm of Tiny beasts,Medium,12,22,,unaligned,,Monster Manual (SRD),3,13,10,1,7,1
swarm-of-rot-grubs,https://www.aidedd.org/dnd/monstres.php?vo=swarm-of-rot-grubs,1/2,swarm of Tiny beasts,Medium,8,22,,unaligned,,Volo's Guide to Monsters,2,7,10,1,2,1
warhorse-skeleton,https://www.aidedd.org/dnd/monstres.php?vo=warhorse-skeleton,1/2,undead,Large,13,22,,lawful evil,,Monster Manual (SRD),18,12,15,2,8,5
ice-mephit,https://www.aidedd.org/dnd/monstres.php?vo=ice-mephit,1/2,elemental,Small,11,21,fly,neutral evil,,Monster Manual (SRD),7,13,10,9,11,12
ape,https://www.aidedd.org/dnd/monstres.php?vo=ape,1/2,beast,Medium,12,19,,unaligned,,Monster Manual (SRD),16,14,14,6,12,7
black-bear,https://www.aidedd.org/dnd/monstres.php?vo=black-bear,1/2,beast,Medium,11,19,,unaligned,,Monster Manual (SRD),15,10,14,2,12,7
crocodile,https://www.aidedd.org/dnd/monstres.php?vo=crocodile,1/2,beast,Large,12,19,swim,unaligned,,Monster Manual (SRD),15,10,13,2,10,5
giant-goat,https://www.aidedd.org/dnd/monstres.php?vo=giant-goat,1/2,beast,Large,11,19,,unaligned,,Monster Manual (SRD),17,11,12,3,12,6
giant-two-headed-goat,https://www.aidedd.org/dnd/monstres.php?vo=giant-two-headed-goat,1/2,beast,Large,11,19,,unaligned,,Extra (Adventurers League),17,11,12,3,12,6
warhorse,https://www.aidedd.org/dnd/monstres.php?vo=warhorse,1/2,beast,Large,11,19,,unaligned,,Monster Manual (SRD),18,12,13,2,12,7
chitine,,1/2,monstrosity,Small,14,18,,chaotic evil,,Volo's Guide to Monsters,10,14,12,10,10,7
jackalwere,https://www.aidedd.org/dnd/monstres.php?vo=jackalwere,1/2,humanoid (shapechanger),Medium,12,18,,chaotic evil,,Monster Manual (BR),11,15,11,13,11,10
skulk,,1/2,humanoid,Medium,14,18,,chaotic neutral,,Mordenkainen's Tome of Foes,6,19,10,10,7,1
dust-mephit,https://www.aidedd.org/dnd/monstres.php?vo=dust-mephit,1/2,elemental,Small,12,17,fly,neutral evil,,Monster Manual (SRD),5,14,10,9,11,10
deep-gnome-svirfneblin,https://www.aidedd.org/dnd/monstres.php?vo=deep-gnome-svirfneblin,1/2,humanoid (gnome),Small,15,16,,neutral good,,Monster Manual (SRD),15,14,14,12,10,9
giant-sea-horse,https://www.aidedd.org/dnd/monstres.php?vo=giant-sea-horse,1/2,beast,Large,13,16,swim,unaligned,,Monster Manual (SRD),12,15,11,2,12,5
jaculi,,1/2,beast,Large,14,16,,unaligned,,Adventures (Tomb of Annihilation),15,14,11,2,8,3
reef-manta-ray,https://www.aidedd.org/dnd/monstres.php?vo=reef-manta-ray,1/2,beast,Large,12,16,swim,unaligned,,Extra (AideDD),13,12,12,1,12,4
scout,https://www.aidedd.org/dnd/monstres.php?vo=scout,1/2,humanoid (any race),Medium,13,16,,any alignment,,Monster Manual (SRD),11,14,12,11,13,11
shadow,https://www.aidedd.org/dnd/monstres.php?vo=shadow,1/2,undead,Medium,12,16,,chaotic evil,,Monster Manual (SRD),6,14,13,6,10,8
tridrone,,1/2,construct,Medium,15,16,,lawful neutral,,Monster Manual,12,13,12,9,10,9
orc,https://www.aidedd.org/dnd/monstres.php?vo=orc,1/2,humanoid (orc),Medium,13,15,,chaotic evil,,Monster Manual (SRD),16,12,16,7,11,10
darkling,,1/2,fey,Small,14,13,,chaotic neutral,,Volo's Guide to Monsters,9,16,12,10,12,10
gazer,,1/2,aberration,Tiny,13,13,fly,neutral evil,,Volo's Guide to Monsters,3,17,14,3,10,7
giant-wasp,https://www.aidedd.org/dnd/monstres.php?vo=giant-wasp,1/2,beast,Medium,12,13,fly,unaligned,,Monster Manual (SRD),10,14,10,1,10,3
necromite-of-myrkul,,1/2,humanoid (human),Medium,11,13,,neutral evil,,Adventures (Descent into Avernus),,,,,,
hobgoblin,https://www.aidedd.org/dnd/monstres.php?vo=hobgoblin,1/2,humanoid (goblinoid),Medium,18,11,,lawful evil,,Monster Manual (SRD),13,12,12,10,10,9
nupperibo,,1/2,fiend (devil),Medium,13,11,,lawful evil,,Mordenkainen's Tome of Foes,16,11,13,3,8,1
tri-flower-frond,,1/2,plant,Medium,10,11,,unaligned,,Adventures (Tomb of Annihilation),,,,,,
magmin,https://www.aidedd.org/dnd/monstres.php?vo=magmin,1/2,elemental,Small,14,9,,chaotic neutral,,Monster Manual (SRD),7,15,12,8,11,10
gas-spore,,1/2,plant,Large,5,1,fly,unaligned,,Monster Manual,5,1,3,1,1,1
tarrasque,https://www.aidedd.org/dnd/monstres.php?vo=tarrasque,30,monstrosity (titan),Gargantuan,25,676,,unaligned,Legendary,Monster Manual (SRD),30,11,30,3,11,11
tiamat,,30,fiend,Gargantuan,25,615,fly,chaotic evil,,Adventures (Tyranny of Dragons),,,,,,
zariel,https://www.aidedd.org/dnd/monstres.php?vo=zariel,26,fiend (devil),Large,21,580,fly,lawful evil,Legendary,Mordenkainen's Tome of Foes,27,24,28,26,27,30
demogorgon,,26,fiend (demon),Huge,22,406,swim,chaotic evil,Legendary,Mordenkainen's Tome of Foes,29,14,26,20,17,25
orcus,https://www.aidedd.org/dnd/monstres.php?vo=orcus,26,fiend (demon),Huge,17,405,fly,chaotic evil,Legendary,Mordenkainen's Tome of Foes,27,14,25,20,20,25
marut,,25,construct (inevitable),Large,22,432,fly,lawful neutral,,Mordenkainen's Tome of Foes,28,12,26,19,15,18
ancient-gold-dragon,https://www.aidedd.org/dnd/monstres.php?vo=ancient-gold-dragon,24,dragon,Gargantuan,22,546,"fly, swim",lawful good,Legendary,Monster Manual (SRD),30,14,29,18,17,28
ancient-red-dragon,https://www.aidedd.org/dnd/monstres.php?vo=ancient-red-dragon,24,dragon,Gargantuan,22,546,fly,chaotic evil,Legendary,Monster Manual (SRD),30,10,29,18,15,23
graz-zt,,24,"fiend (demon, shapechanger)",Large,20,346,,chaotic evil,Legendary,Mordenkainen's Tome of Foes,22,15,21,23,21,26
yeenoghu,,24,fiend (demon),Huge,20,333,,chaotic evil,Legendary,Mordenkainen's Tome of Foes,29,16,23,15,24,15
ancient-silver-dragon,https://www.aidedd.org/dnd/monstres.php?vo=ancient-silver-dragon,23,dragon,Gargantuan,22,487,fly,lawful good,Legendary,Monster Manual (SRD),30,10,29,18,15,23
ancient-blue-dragon,https://www.aidedd.org/dnd/monstres.php?vo=ancient-blue-dragon,23,dragon,Gargantuan,22,481,fly,lawful evil,Legendary,Monster Manual (SRD),29,10,27,18,17,21
kraken,https://www.aidedd.org/dnd/monstres.php?vo=kraken,23,monstrosity (titan),Gargantuan,18,472,swim,chaotic evil,Legendary,Monster Manual (SRD),30,11,25,22,18,20
juiblex,,23,fiend (demon),Huge,18,350,,chaotic evil,Legendary,Mordenkainen's Tome of Foes,24,10,23,20,20,16
fraz-urb-luu,,23,fiend (demon),Large,18,337,fly,chaotic evil,Legendary,Mordenkainen's Tome of Foes,29,12,25,26,24,26
empyrean,,23,celestial (titan),Huge,22,313,"fly, swim",chaotic good ,Legendary,Monster Manual,,,,,,
zuggtmoy,,23,fiend (demon),Large,18,304,,chaotic evil,Legendary,Mordenkainen's Tome of Foes,22,15,18,20,19,24
acererak,,23,undead,Medium,21,285,,neutral evil,,Adventures (Tomb of Annihilation),13,16,20,27,21,20
baphomet,,23,fiend (demon),Huge,22,275,,chaotic evil,Legendary,Mordenkainen's Tome of Foes,30,14,26,18,24,16
elder-tempest,,23,elemental,Gargantuan,19,264,fly,neutral,Legendary,Mordenkainen's Tome of Foes,23,28,23,2,21,18
halaster-blackcloak,,23,humanoid (human),Medium,14,246,,chaotic evil,,Adventures (Dungeon of the Mad Mage),,,,,,
ancient-bronze-dragon,https://www.aidedd.org/dnd/monstres.php?vo=ancient-bronze-dragon,22,dragon,Gargantuan,22,444,"fly, swim",lawful good,Legendary,Monster Manual (SRD),29,10,27,18,17,21
ancient-green-dragon,https://www.aidedd.org/dnd/monstres.php?vo=ancient-green-dragon,22,dragon,Gargantuan,21,385,"fly, swim",lawful evil,Legendary,Monster Manual (SRD),27,12,25,20,17,19
zaratan,,22,elemental,Gargantuan,21,307,swim,neutral,Legendary,Mordenkainen's Tome of Foes,30,10,30,2,21,18
geryon,,22,fiend (devil),Huge,19,300,fly,lawful evil,Legendary,Mordenkainen's Tome of Foes,29,17,22,19,16,23
ancient-black-dragon,https://www.aidedd.org/dnd/monstres.php?vo=ancient-black-dragon,21,dragon,Gargantuan,22,367,"fly, swim",chaotic evil,Legendary,Monster Manual (SRD),27,14,25,16,15,19
ancient-copper-dragon,https://www.aidedd.org/dnd/monstres.php?vo=ancient-copper-dragon,21,dragon,Gargantuan,21,350,fly,chaotic good,Legendary,Monster Manual (SRD),27,12,25,20,17,19
astral-dreadnought,https://www.aidedd.org/dnd/monstres.php?vo=astral-dreadnought,21,monstrosity (titan),Gargantuan,20,297,fly,unaligned,Legendary,Mordenkainen's Tome of Foes,28,7,25,5,14,18
moloch,https://www.aidedd.org/dnd/monstres.php?vo=moloch,21,fiend (devil),Large,19,253,,lawful evil,Legendary,Mordenkainen's Tome of Foes,26,19,22,21,18,23
solar,https://www.aidedd.org/dnd/monstres.php?vo=solar,21,celestial,Large,21,243,fly,lawful good,Legendary,Monster Manual (SRD),26,22,26,25,25,30
molydeus,,21,fiend (demon),Huge,19,216,,chaotic evil,Legendary,Mordenkainen's Tome of Foes,28,22,25,21,24,24
hutijin,,21,fiend (devil),Large,19,200,fly,lawful evil,Legendary,Mordenkainen's Tome of Foes,27,15,25,23,19,25
lich,https://www.aidedd.org/dnd/monstres.php?vo=lich,21,undead,Medium,17,135,,any evil alignment,Legendary,Monster Manual (SRD),11,16,16,20,14,16
ogremoch,,20,elemental,Gargantuan,20,526,,neutral evil,,Adventures (Princes of the Apocalypse),,,,,,
ancient-white-dragon,https://www.aidedd.org/dnd/monstres.php?vo=ancient-white-dragon,20,dragon,Gargantuan,20,333,"fly, swim",chaotic evil,Legendary,Monster Manual (SRD),26,10,26,10,13,14
leviathan,,20,elemental,Gargantuan,17,328,swim,neutral,Legendary,Mordenkainen's Tome of Foes,30,24,30,2,18,17
pit-fiend,https://www.aidedd.org/dnd/monstres.php?vo=pit-fiend,20,fiend (devil),Large,19,300,fly,lawful evil,,Monster Manual (SRD),26,14,24,22,18,24
ancient-brass-dragon,https://www.aidedd.org/dnd/monstres.php?vo=ancient-brass-dragon,20,dragon,Gargantuan,20,297,fly,chaotic good,Legendary,Monster Manual (SRD),27,10,25,16,15,19
nightwalker,,20,undead,Huge,14,297,fly,chaotic evil,,Mordenkainen's Tome of Foes,22,19,24,6,9,8
belaphoss,https://www.aidedd.org/dnd/monstres.php?vo=belaphoss,20,fiend (demon),Huge,19,262,fly,chaotic evil,,Extra (Dragon Mag),26,15,22,20,16,22
drow-matron-mother,,20,humanoid (elf),Medium,17,262,,neutral evil,Legendary,Mordenkainen's Tome of Foes,12,18,16,17,21,22
imix,,19,elemental,Huge,17,325,fly,neutral evil,,Adventures (Princes of the Apocalypse),,,,,,
balor,https://www.aidedd.org/dnd/monstres.php?vo=balor,19,fiend (demon),Huge,19,262,fly,chaotic evil,,Monster Manual (SRD),26,15,22,20,16,22
red-abishai,,19,fiend (devil),Medium,22,255,fly,lawful evil,,Mordenkainen's Tome of Foes,23,16,19,14,15,19
bael,,19,fiend (devil),Large,18,189,,lawful evil,Legendary,Mordenkainen's Tome of Foes,24,17,20,21,24,24
olhydra,,18,elemental,Huge,18,324,swim,neutral evil,,Adventures (Princes of the Apocalypse),,,,,,
yan-c-bin,,18,elemental,Huge,22,283,fly,neutral evil,,Adventures (Princes of the Apocalypse),,,,,,
drow-favored-consort,,18,humanoid (elf),Medium,15,225,,neutral evil,,Mordenkainen's Tome of Foes,15,20,16,18,15,18
amnizu,,18,fiend (devil),Medium,21,202,fly,lawful evil,,Mordenkainen's Tome of Foes,11,13,16,20,12,18
sibriex,https://www.aidedd.org/dnd/monstres.php?vo=sibriex,18,fiend (demon),Huge,19,150,fly,chaotic evil,Legendary,Mordenkainen's Tome of Foes,10,3,23,25,24,25
demilich,,18,undead,Tiny,20,80,fly,neutral evil,Legendary,Monster Manual,1,20,10,20,17,20
dragon-turtle,https://www.aidedd.org/dnd/monstres.php?vo=dragon-turtle,17,dragon,Gargantuan,20,341,swim,neutral,,Monster Manual (SRD),25,10,20,10,12,12
goristro,,17,fiend (demon),Huge,19,310,,chaotic evil,,Monster Manual,25,11,25,6,13,14
adult-gold-dragon,https://www.aidedd.org/dnd/monstres.php?vo=adult-gold-dragon,17,dragon,Huge,19,256,"fly, swim",lawful good,Legendary,Monster Manual (SRD),27,14,25,16,15,24
adult-red-dragon,https://www.aidedd.org/dnd/monstres.php?vo=adult-red-dragon,17,dragon,Huge,19,256,fly,chaotic evil,Legendary,Monster Manual (SRD),27,10,25,16,13,21
laeral-silverhand,https://www.aidedd.org/dnd/monstres.php?vo=laeral-silverhand,17,humanoid (human),Medium,18,228,,chaotic good,,Adventures (Dragon Heist),13,17,20,20,20,19
adult-blue-dracolich,,17,undead,Huge,19,225,fly,lawful evil,Legendary,Monster Manual,25,10,23,16,15,19
androsphinx,https://www.aidedd.org/dnd/monstres.php?vo=androsphinx,17,monstrosity,Large,17,199,fly,lawful neutral,Legendary,Monster Manual (SRD),22,10,20,16,18,23
blue-abishai,,17,fiend (devil),Medium,19,195,fly,lawful evil,,Mordenkainen's Tome of Foes,15,14,17,22,23,18
nagpa,,17,humanoid (nagpa),Medium,19,187,,neutral evil,,Mordenkainen's Tome of Foes,9,15,12,23,18,21
death-knight,,17,undead,Medium,20,180,,chaotic evil,,Monster Manual,20,11,20,12,16,18
adult-silver-dragon,https://www.aidedd.org/dnd/monstres.php?vo=adult-silver-dragon,16,dragon,Huge,19,243,fly,lawful good,Legendary,Monster Manual (SRD),27,10,25,16,13,21
storm-giant-quintessent,,16,giant (storm giant),Huge,12,230,"fly, swim",chaotic good,Legendary,Volo's Guide to Monsters,29,14,20,17,20,19
adult-blue-dragon,https://www.aidedd.org/dnd/monstres.php?vo=adult-blue-dragon,16,dragon,Huge,19,225,fly,lawful evil,Legendary,Monster Manual (SRD),25,10,23,16,15,19
hellfire-engine,,16,construct,Huge,18,216,,lawful evil,,Mordenkainen's Tome of Foes,20,16,24,2,10,1
iron-golem,https://www.aidedd.org/dnd/monstres.php?vo=iron-golem,16,construct,Large,20,210,,unaligned,,Monster Manual (SRD),24,9,20,3,11,1
steel-predator,,16,construct,Large,20,207,,lawful evil,,Mordenkainen's Tome of Foes,24,17,22,4,14,6
planetar,https://www.aidedd.org/dnd/monstres.php?vo=planetar,16,celestial,Large,19,200,fly,lawful good,,Monster Manual (SRD),24,20,24,19,22,25
marilith,https://www.aidedd.org/dnd/monstres.php?vo=marilith,16,fiend (demon),Large,18,189,,chaotic evil,,Monster Manual (SRD),18,20,20,18,16,20
phoenix,,16,elemental,Gargantuan,18,175,fly,neutral,Legendary,Mordenkainen's Tome of Foes,19,26,25,2,21,18
star-spawn-larva-mage,,16,aberration,Medium,16,168,,chaotic evil,Legendary,Mordenkainen's Tome of Foes,17,12,23,18,12,16
githzerai-anarch,,16,humanoid (gith),Medium,20,144,fly,lawful neutral,Legendary,Mordenkainen's Tome of Foes,16,21,18,18,20,14
titivilus,,16,fiend (devil),Medium,20,127,fly,lawful evil,Legendary,Mordenkainen's Tome of Foes,19,22,17,24,22,26
purple-worm,https://www.aidedd.org/dnd/monstres.php?vo=purple-worm,15,monstrosity,Gargantuan,18,247,,unaligned,,Monster Manual (SRD),28,7,22,1,8,4
adult-bronze-dragon,https://www.aidedd.org/dnd/monstres.php?vo=adult-bronze-dragon,15,dragon,Huge,19,212,"fly, swim",lawful good,Legendary,Monster Manual (SRD),25,10,23,16,15,19
adult-green-dragon,https://www.aidedd.org/dnd/monstres.php?vo=adult-green-dragon,15,dragon,Huge,19,207,"fly, swim",lawful evil,Legendary,Monster Manual (SRD),23,12,21,18,15,17
nabassu,,15,fiend (demon),Medium,18,190,fly,chaotic evil,,Mordenkainen's Tome of Foes,22,14,21,14,15,17
green-abishai,,15,fiend (devil),Medium,18,187,fly,lawful evil,,Mordenkainen's Tome of Foes,12,17,16,17,12,19
strahd-von-zarovich,,15,undead (shapechanger),Medium,16,144,,lawful evil,,Adventures (Curse of Strahd),,,,,,
jarlaxle-baenre,,15,humanoid (elf),Medium,24,123,,chaotic neutral,,Adventures (Dragon Heist),,,,,,
skull-lord,,15,undead,Medium,18,105,,lawful evil,,Mordenkainen's Tome of Foes,14,16,17,16,15,21
mummy-lord,https://www.aidedd.org/dnd/monstres.php?vo=mummy-lord,15,undead,Medium,17,97,,lawful evil,Legendary,Monster Manual (SRD),18,10,17,11,18,16
crokek-toeck,,14,fiend (demon),Gargantuan,15,297,swim,chaotic evil,,Adventures (Descent into Avernus),,,,,,
elder-brain,,14,aberration,Large,10,210,swim,lawful evil,Legendary,Volo's Guide to Monsters,15,10,20,21,19,24
retriever,,14,construct,Large,19,210,,lawful evil,,Mordenkainen's Tome of Foes,22,16,20,3,11,4
adult-black-dragon,https://www.aidedd.org/dnd/monstres.php?vo=adult-black-dragon,14,dragon,Huge,19,195,"fly, swim",chaotic evil,Legendary,Monster Manual (SRD),23,14,21,14,13,17
cadaver-collector,,14,construct,Large,17,189,,lawful evil,,Mordenkainen's Tome of Foes,21,14,20,5,11,8
death-tyrant,,14,undead,Large,19,187,fly,lawful evil,Legendary,Monster Manual,10,14,14,19,15,19
fire-giant-dreadnought,,14,giant (fire giant),Huge,21,187,,lawful evil,,Volo's Guide to Monsters,27,9,23,8,10,11
githyanki-supreme-commander,,14,humanoid (gith),Medium,18,187,,lawful evil,Legendary,Mordenkainen's Tome of Foes,19,17,18,16,16,18
adult-copper-dragon,https://www.aidedd.org/dnd/monstres.php?vo=adult-copper-dragon,14,dragon,Huge,18,184,fly,chaotic good,Legendary,Monster Manual (SRD),23,12,21,18,15,17
ice-devil,https://www.aidedd.org/dnd/monstres.php?vo=ice-devil,14,fiend (devil),Large,18,180,,lawful evil,,Monster Manual (SRD),21,14,18,18,15,18
drow-inquisitor,https://www.aidedd.org/dnd/monstres.php?vo=drow-inquisitor,14,humanoid (elf),Medium,16,143,,neutral evil,,Mordenkainen's Tome of Foes,11,15,14,16,21,20
neothelid,,13,aberration,Gargantuan,16,325,,chaotic evil,,Volo's Guide to Monsters,27,7,21,3,16,12
the-angry,,13,monstrosity,Medium,18,255,,neutral evil,,Mordenkainen's Tome of Foes,17,10,19,8,13,6
storm-giant,https://www.aidedd.org/dnd/monstres.php?vo=storm-giant,13,giant,Huge,16,230,swim,chaotic good,,Monster Manual (SRD),29,14,20,16,18,18
atropal,,13,undead (titan),Huge,7,225,fly,neutral evil,,Adventures (Tomb of Annihilation),19,5,22,25,19,24
adult-white-dragon,https://www.aidedd.org/dnd/monstres.php?vo=adult-white-dragon,13,dragon,Huge,18,200,"fly, swim",chaotic evil,Legendary,Monster Manual (SRD),22,10,22,8,12,12
nalfeshnee,https://www.aidedd.org/dnd/monstres.php?vo=nalfeshnee,13,fiend (demon),Large,18,184,fly,chaotic evil,,Monster Manual (SRD),21,10,22,19,12,15
beholder,,13,aberration,Large,18,180,fly,lawful evil,Legendary,Monster Manual,10,14,18,17,15,17
devourer,,13,fiend,Large,16,178,,chaotic evil,,Volo's Guide to Monsters,20,12,20,13,10,16
young-red-shadow-dragon,,13,dragon,Large,18,178,fly,chaotic evil,,Monster Manual,23,10,21,14,11,19
adult-brass-dragon,https://www.aidedd.org/dnd/monstres.php?vo=adult-brass-dragon,13,dragon,Huge,18,172,fly,chaotic good,Legendary,Monster Manual (SRD),23,10,21,14,13,17
dire-troll,,13,giant,Huge,15,172,,chaotic evil,,Mordenkainen's Tome of Foes,22,15,21,9,11,5
drow-arachnomancer,,13,humanoid (elf),Medium,15,162,,chaotic evil,,Mordenkainen's Tome of Foes,11,17,14,19,14,16
wastrilith,,13,fiend (demon),Large,18,157,swim,chaotic evil,,Mordenkainen's Tome of Foes,19,18,21,19,12,14
star-spawn-seer,,13,aberration,Medium,17,153,,neutral evil,,Mordenkainen's Tome of Foes,14,12,18,22,19,16
ultroloth,,13,fiend (yugoloth),Medium,19,153,fly,neutral evil,,Monster Manual,16,16,18,18,15,19
vampire,https://www.aidedd.org/dnd/monstres.php?vo=vampire,13,undead (shapechanger),Medium,16,144,,lawful evil,Legendary,Monster Manual (SRD),18,18,18,17,15,18
manshoon,,13,humanoid (human),Medium,19,126,,lawful evil,,Adventures (Dragon Heist),,,,,,
vajra-safahr,,13,humanoid (human),Medium,14,126,,lawful neutral,,Adventures (Dragon Heist),,,,,,
narzugon,https://www.aidedd.org/dnd/monstres.php?vo=narzugon,13,fiend (devil),Medium,20,112,,lawful evil,,Mordenkainen's Tome of Foes,20,10,17,16,14,19
rakshasa,https://www.aidedd.org/dnd/monstres.php?vo=rakshasa,13,fiend,Medium,16,110,,lawful evil,,Monster Manual (SRD),14,17,18,13,16,20
warlord,,12,humanoid (any race),Medium,18,229,,any alignment,Legendary,Volo's Guide to Monsters,20,16,18,12,12,18
frost-giant-everlasting-one,,12,giant (frost giant),Huge,15,189,,chaotic evil,,Volo's Guide to Monsters,25,9,24,9,10,12
gray-render,,12,monstrosity,Large,19,189,,chaotic neutral,,Mordenkainen's Tome of Foes,19,13,20,3,6,8
yuan-ti-anathema,,12,"monstrosity (shapechanger, yuan-ti)",Huge,16,189,swim,neutral evil,,Volo's Guide to Monsters,23,13,19,19,17,20
githyanki-kith--rak,,12,humanoid (gith),Medium,18,180,,lawful evil,,Mordenkainen's Tome of Foes,18,16,17,16,15,17
stone-juggernaut,,12,construct,Large,15,157,,unaligned,,Adventures (Tomb of Annihilation),22,1,21,2,11,3
erinyes,https://www.aidedd.org/dnd/monstres.php?vo=erinyes,12,fiend (devil),Medium,18,153,fly,lawful evil,,Monster Manual (SRD),18,16,18,14,14,18
ki-rin,,12,celestial,Huge,20,152,fly,lawful good,Legendary,Volo's Guide to Monsters,21,16,16,19,20,20
archdruid,,12,humanoid (any race),Medium,16,132,,any alignment,,Volo's Guide to Monsters,10,14,12,12,20,11
boneclaw,,12,undead,Large,16,127,,chaotic evil,,Mordenkainen's Tome of Foes,19,16,15,13,15,9
oinoloth,,12,fiend (yugoloth),Medium,17,126,,neutral evil,,Mordenkainen's Tome of Foes,19,17,18,17,16,19
duergar-despot,,12,humanoid (dwarf),Medium,21,119,,lawful evil,,Mordenkainen's Tome of Foes,20,5,19,15,14,13
arcanaloth,,12,fiend (yugoloth),Medium,17,104,fly,neutral evil,,Monster Manual,17,12,14,20,16,17
archmage,https://www.aidedd.org/dnd/monstres.php?vo=archmage,12,humanoid (any race),Medium,12,99,,any alignment,,Monster Manual (SRD),10,14,12,20,15,16
eidolon,,12,undead,Medium,9,63,fly,any alignment,,Mordenkainen's Tome of Foes,7,8,9,14,19,16
cloud-giant-smiling-one,,11,giant (cloud giant),Huge,15,262,,chaotic neutral,,Volo's Guide to Monsters,26,12,22,15,16,17
roc,https://www.aidedd.org/dnd/monstres.php?vo=roc,11,monstrosity,Gargantuan,15,248,fly,unaligned,,Monster Manual (SRD),28,10,20,3,10,9
marid,,11,elemental,Large,17,229,"fly, swim",chaotic neutral,,Monster Manual,22,12,26,18,17,18
the-hungry,,11,monstrosity,Medium,17,225,,neutral evil,,Mordenkainen's Tome of Foes,19,10,17,6,11,6
efreeti,https://www.aidedd.org/dnd/monstres.php?vo=efreeti,11,elemental,Large,17,200,fly,lawful evil,,Monster Manual (SRD),22,12,24,16,15,16
remorhaz,https://www.aidedd.org/dnd/monstres.php?vo=remorhaz,11,monstrosity,Huge,17,195,,unaligned,,Monster Manual (SRD),24,13,21,4,10,5
dao,https://www.aidedd.org/dnd/monstres.php?vo=dao,11,elemental,Large,18,187,fly,neutral evil,,Monster Manual (BR),23,12,24,12,13,14
horned-devil,https://www.aidedd.org/dnd/monstres.php?vo=horned-devil,11,fiend (devil),Large,18,178,fly,lawful evil,,Monster Manual (SRD),22,17,21,12,16,17
behir,https://www.aidedd.org/dnd/monstres.php?vo=behir,11,monstrosity,Huge,17,168,,neutral evil,,Monster Manual (SRD),23,16,18,7,14,12
djinni,https://www.aidedd.org/dnd/monstres.php?vo=djinni,11,elemental,Large,17,161,fly,chaotic good,,Monster Manual (SRD),21,15,22,15,16,20
alkilith,,11,fiend (demon),Medium,17,157,,chaotic evil,,Mordenkainen's Tome of Foes,12,19,22,6,11,7
drow-shadowblade,,11,humanoid (elf),Medium,17,150,,neutral evil,,Mordenkainen's Tome of Foes,14,21,16,12,14,13
yagnoloth,,11,fiend (yugoloth),Large,17,147,,neutral evil,,Mordenkainen's Tome of Foes,19,14,21,16,15,18
gynosphinx,https://www.aidedd.org/dnd/monstres.php?vo=gynosphinx,11,monstrosity,Large,17,136,fly,lawful neutral,Legendary,Monster Manual (SRD),18,15,16,18,18,18
morkoth,,11,aberration,Medium,17,130,swim,chaotic evil,,Volo's Guide to Monsters,14,14,14,20,15,13
soul-monger,,11,humanoid (elf),Medium,15,123,,neutral,,Mordenkainen's Tome of Foes,8,17,14,19,15,13
balhannoth,,11,aberration,Large,17,114,,chaotic evil,Legendary,Mordenkainen's Tome of Foes,17,8,18,6,15,8
spirit-troll,,11,giant,Large,17,97,,chaotic evil,,Mordenkainen's Tome of Foes,1,17,13,8,9,16
froghemoth,https://www.aidedd.org/dnd/monstres.php?vo=froghemoth,10,monstrosity,Huge,14,184,swim,unaligned,,Volo's Guide to Monsters,23,13,20,2,12,5
stone-golem,https://www.aidedd.org/dnd/monstres.php?vo=stone-golem,10,construct,Large,17,178,,unaligned,,Monster Manual (SRD),22,9,20,3,11,1
young-gold-dragon,https://www.aidedd.org/dnd/monstres.php?vo=young-gold-dragon,10,dragon,Large,18,178,"fly, swim",lawful good,,Monster Manual (SRD),23,14,21,16,13,20
young-red-dragon,https://www.aidedd.org/dnd/monstres.php?vo=young-red-dragon,10,dragon,Large,18,178,fly,chaotic evil,,Monster Manual (SRD),23,10,21,14,11,19
death-slaad,,10,aberration (shapechanger),Medium,18,170,,chaotic evil,,Monster Manual,20,15,19,15,10,16
death-kiss,,10,aberration,Large,16,161,fly,neutral evil,,Volo's Guide to Monsters,18,14,18,10,12,10
stone-giant-dreamwalker,https://www.aidedd.org/dnd/monstres.php?vo=stone-giant-dreamwalker,10,giant (stone giant),Huge,18,161,,chaotic neutral,,Volo's Guide to Monsters,23,14,21,10,8,12
giant-four-armed-gargoyle,,10,elemental,Large,17,147,fly,chaotic evil,,Adventures (Tomb of Annihilation),19,11,20,6,11,9
deva,https://www.aidedd.org/dnd/monstres.php?vo=deva,10,celestial,Medium,17,136,fly,lawful good,,Monster Manual (SRD),18,18,18,17,20,20
star-spawn-hulk,,10,aberration,Large,16,136,,chaotic evil,,Mordenkainen's Tome of Foes,20,8,21,7,12,9
yochlol,,10,"fiend (demon, shapechanger)",Medium,15,136,,chaotic evil,,Monster Manual,15,14,18,13,15,15
aboleth,https://www.aidedd.org/dnd/monstres.php?vo=aboleth,10,aberration,Large,17,135,swim,lawful evil,Legendary,Monster Manual (SRD),21,9,15,18,15,18
autumn-eladrin,,10,fey (elf),Medium,19,127,,chaotic neutral,,Mordenkainen's Tome of Foes,12,16,16,14,17,18
guardian-naga,https://www.aidedd.org/dnd/monstres.php?vo=guardian-naga,10,monstrosity,Large,18,127,,lawful good,,Monster Manual (SRD),19,18,16,16,19,18
spring-eladrin,,10,fey (elf),Medium,19,127,,chaotic neutral,,Mordenkainen's Tome of Foes,14,16,16,18,11,18
summer-eladrin,,10,fey (elf),Medium,19,127,,chaotic neutral,,Mordenkainen's Tome of Foes,19,21,16,14,12,18
winter-eladrin,,10,fey (elf),Medium,19,127,,chaotic neutral,,Mordenkainen's Tome of Foes,11,10,16,18,17,13
githyanki-gish,,10,humanoid (gith),Medium,17,123,,lawful evil,,Mordenkainen's Tome of Foes,17,15,14,16,15,16
alhoon,,10,undead,Medium,15,120,,any evil alignment,,Volo's Guide to Monsters,11,12,16,19,17,17
elder-oblex,,10,ooze,Huge,16,115,,lawful evil,,Mordenkainen's Tome of Foes,15,16,21,22,13,18
githzerai-enlightned,,10,humanoid (gith),Medium,18,112,,lawful neutral,,Mordenkainen's Tome of Foes,14,19,16,17,19,13
orthon,,10,fiend (devil),Large,17,105,,lawful evil,,Mordenkainen's Tome of Foes,22,16,21,15,15,16
cloud-giant,https://www.aidedd.org/dnd/monstres.php?vo=cloud-giant,9,giant,Huge,14,200,,neutral good ,,Monster Manual (SRD),27,10,22,12,16,16
frost-salamander,,9,elemental,Huge,17,168,,unaligned,,Mordenkainen's Tome of Foes,20,12,18,7,11,7
young-silver-dragon,https://www.aidedd.org/dnd/monstres.php?vo=young-silver-dragon,9,dragon,Large,18,168,fly,lawful good,,Monster Manual (SRD),23,10,21,14,11,19
drow-house-captain,https://www.aidedd.org/dnd/monstres.php?vo=drow-house-captain,9,humanoid (elf),Medium,16,162,,neutral evil,,Mordenkainen's Tome of Foes,14,19,15,12,14,13
fire-giant,https://www.aidedd.org/dnd/monstres.php?vo=fire-giant,9,giant,Huge,18,162,,lawful evil,,Monster Manual (SRD),25,9,23,10,14,13
glabrezu,https://www.aidedd.org/dnd/monstres.php?vo=glabrezu,9,fiend (demon),Large,17,157,,chaotic evil,,Monster Manual (SRD),20,15,21,19,17,16
young-blue-dragon,https://www.aidedd.org/dnd/monstres.php?vo=young-blue-dragon,9,dragon,Large,18,152,fly,lawful evil,,Monster Manual (SRD),21,10,19,14,13,17
champion,,9,humanoid (any race),Medium,18,143,,any alignment,,Volo's Guide to Monsters,20,15,14,10,14,12
bone-devil,https://www.aidedd.org/dnd/monstres.php?vo=bone-devil,9,fiend (devil),Large,19,142,fly,lawful evil,,Monster Manual (SRD),18,16,18,13,14,16
rot-troll,,9,giant,Large,16,138,,chaotic evil,,Mordenkainen's Tome of Foes,18,13,22,5,8,4
treant,https://www.aidedd.org/dnd/monstres.php?vo=treant,9,plant,Huge,16,138,,chaotic good,,Monster Manual (SRD),23,8,21,12,16,12
abominable-yeti,,9,monstrosity,Huge,15,137,,chaotic evil,,Monster Manual,24,10,22,9,13,9
hydroloth,,9,fiend (yugoloth),Medium,15,135,swim,neutral evil,,Mordenkainen's Tome of Foes,12,21,16,19,10,14
clay-golem,https://www.aidedd.org/dnd/monstres.php?vo=clay-golem,9,construct,Large,14,133,,unaligned,,Monster Manual (SRD),20,9,18,3,8,1
flind,https://www.aidedd.org/dnd/monstres.php?vo=flind,9,humanoid (gnoll),Medium,16,127,,chaotic evil,,Volo's Guide to Monsters,20,10,19,11,13,12
gray-slaad,,9,aberration (shapechanger),Medium,18,127,,chaotic neutral,,Monster Manual,17,17,16,13,8,14
ulitharid,,9,aberration,Large,15,127,,lawful evil,,Volo's Guide to Monsters,15,12,15,21,19,21
nycaloth,https://www.aidedd.org/dnd/monstres.php?vo=nycaloth,9,fiend (yugoloth),Large,18,123,fly,neutral evil,,Monster Manual (BR),20,11,19,12,10,15
war-priest,,9,humanoid (any race),Medium,18,117,,any alignment,,Volo's Guide to Monsters,16,10,14,11,17,13
the-lonely,,9,monstrosity,Medium,16,112,,neutral evil,,Mordenkainen's Tome of Foes,16,12,17,6,11,6
gloom-weaver,,9,humanoid (elf),Medium,14,104,,neutral,,Mordenkainen's Tome of Foes,11,18,14,15,12,18
abjurer,,9,humanoid (any race),Medium,12,84,,any alignment,,Volo's Guide to Monsters,9,14,14,18,12,11
evoker,,9,humanoid (any race),Medium,12,66,,any alignment,,Volo's Guide to Monsters,9,14,12,17,12,11
necromancer,,9,humanoid (any race),Medium,12,66,,any alignment,,Volo's Guide to Monsters,9,14,12,17,12,11
hydra,https://www.aidedd.org/dnd/monstres.php?vo=hydra,8,monstrosity,Huge,15,172,swim,unaligned,,Monster Manual (SRD),20,12,20,2,10,7
blackguard,,8,humanoid (any race),Medium,18,153,,any non-good alignment,,Volo's Guide to Monsters,18,11,18,11,14,15
fomorian,,8,giant,Huge,14,149,,chaotic evil,,Monster Manual,23,10,20,9,14,6
young-bronze-dragon,https://www.aidedd.org/dnd/monstres.php?vo=young-bronze-dragon,8,dragon,Large,18,142,"fly, swim",lawful good,,Monster Manual (SRD),21,10,19,14,13,17
frost-giant,https://www.aidedd.org/dnd/monstres.php?vo=frost-giant,8,giant,Huge,15,138,,neutral evil,,Monster Manual (SRD),23,9,21,9,10,12
hezrou,https://www.aidedd.org/dnd/monstres.php?vo=hezrou,8,fiend (demon),Large,16,136,,chaotic evil,,Monster Manual (SRD),19,17,20,5,12,13
tyrannosaurus-rex,https://www.aidedd.org/dnd/monstres.php?vo=tyrannosaurus-rex,8,beast,Huge,13,136,,unaligned,,Monster Manual (SRD),25,10,19,2,12,9
young-green-dragon,https://www.aidedd.org/dnd/monstres.php?vo=young-green-dragon,8,dragon,Large,18,136,"fly, swim",lawful evil,,Monster Manual (SRD),19,12,17,16,13,15
corpse-flower,,8,plant,Large,12,127,,chaotic evil,,Mordenkainen's Tome of Foes,14,14,16,7,15,3
green-slaad,,8,aberration (shapechanger),Large,16,127,,chaotic neutral,,Monster Manual,18,15,16,11,8,12
sword-wraith-commander,,8,undead,Medium,18,127,,lawful evil,,Mordenkainen's Tome of Foes,18,14,18,11,12,14
canoloth,,8,fiend (yugoloth),Medium,16,120,,neutral evil,,Mordenkainen's Tome of Foes,18,10,17,5,17,12
deathlock-mastermind,,8,undead,Medium,13,110,,neutral evil,,Mordenkainen's Tome of Foes,11,16,12,15,12,17
shoosuva,,8,fiend (demon),Large,14,110,,chaotic evil,,Volo's Guide to Monsters,18,13,17,7,14,9
githyanki-knight,,8,humanoid (gith),Medium,18,91,,lawful evil,,Monster Manual,16,14,15,14,14,15
howler,,8,fiend,Large,16,90,,chaotic evil,,Mordenkainen's Tome of Foes,17,16,15,5,20,6
chain-devil,https://www.aidedd.org/dnd/monstres.php?vo=chain-devil,8,fiend (devil),Medium,16,85,,lawful evil,,Monster Manual (SRD),18,15,18,11,12,14
assassin,https://www.aidedd.org/dnd/monstres.php?vo=assassin,8,humanoid (any race),Medium,15,78,,any non-good alignment,,Monster Manual (SRD),11,16,14,13,11,10
cloaker,https://www.aidedd.org/dnd/monstres.php?vo=cloaker,8,aberration,Large,14,78,fly,chaotic neutral,,Monster Manual (SRD),17,15,12,13,12,14
spirit-naga,https://www.aidedd.org/dnd/monstres.php?vo=spirit-naga,8,monstrosity,Large,15,75,,chaotic evil,,Monster Manual (SRD),18,17,14,16,15,16
drow-priestress-of-lolth,,8,humanoid (elf),Medium,16,71,,neutral evil,,Monster Manual,10,14,12,13,17,18
diviner,,8,humanoid (any race),Medium,12,67,,any alignment,,Volo's Guide to Monsters,9,14,11,18,12,11
giant-ape,https://www.aidedd.org/dnd/monstres.php?vo=giant-ape,7,beast,Huge,12,157,,unaligned,,Monster Manual (SRD),23,14,18,7,12,7
shield-guardian,https://www.aidedd.org/dnd/monstres.php?vo=shield-guardian,7,construct,Large,17,142,,unaligned,,Monster Manual (SRD),18,8,18,7,10,3
earth-elemental-myrmidon,,7,elemental,Medium,18,127,,neutral,,Mordenkainen's Tome of Foes,18,10,17,8,10,10
water-elemental-myrmidon,,7,elemental,Medium,18,127,swim,neutral,,Mordenkainen's Tome of Foes,18,14,15,8,10,10
young-black-dragon,https://www.aidedd.org/dnd/monstres.php?vo=young-black-dragon,7,dragon,Large,18,127,"fly, swim",chaotic evil,,Monster Manual (SRD),19,14,17,12,11,15
yuan-ti-abomination,https://www.aidedd.org/dnd/monstres.php?vo=yuan-ti-abomination,7,"monstrosity (shapechanger, yuan-ti)",Large,15,127,,neutral evil,,Monster Manual (BR),19,16,17,17,15,18
stone-giant,https://www.aidedd.org/dnd/monstres.php?vo=stone-giant,7,giant,Huge,17,126,,neutral,,Monster Manual (SRD),23,15,20,10,12,9
blue-slaad,,7,aberration,Large,15,123,,chaotic neutral,,Monster Manual,20,15,18,7,7,9
draegloth,,7,fiend (demon),Large,15,123,,chaotic evil,,Volo's Guide to Monsters,20,15,18,13,11,11
fire-elemental-myrmidon,,7,elemental,Medium,18,123,,neutral,,Mordenkainen's Tome of Foes,13,18,15,9,10,10
dhergoloth,,7,fiend (yugoloth),Medium,15,119,,neutral evil,,Mordenkainen's Tome of Foes,17,10,19,7,10,9
young-copper-dragon,https://www.aidedd.org/dnd/monstres.php?vo=young-copper-dragon,7,dragon,Large,17,119,fly,chaotic good,,Monster Manual (SRD),19,12,17,16,13,15
air-elemental-myrmidon,,7,elemental,Medium,18,117,fly,neutral,,Mordenkainen's Tome of Foes,18,14,14,9,10,10
oni,https://www.aidedd.org/dnd/monstres.php?vo=oni,7,giant,Large,16,110,fly,lawful evil,,Monster Manual (SRD),19,11,16,14,12,15
devilroot,https://www.aidedd.org/dnd/monstres.php?vo=devilroot,7,plant,Medium,15,105,,neutral evil,,Extra (AideDD),17,11,17,12,14,14
korred,,7,fey,Small,17,102,,chaotic neutral,,Volo's Guide to Monsters,23,14,20,10,15,9
venom-troll,,7,giant,Large,15,94,,chaotic evil,,Mordenkainen's Tome of Foes,18,13,20,7,9,7
bheur-hag,,7,fey,Medium,17,91,,chaotic evil,,Volo's Guide to Monsters,13,16,14,12,13,16
maurezhi,,7,fiend (demon),Medium,15,88,,chaotic evil,,Mordenkainen's Tome of Foes,14,17,12,11,12,15
armanite,,7,fiend (demon),Large,16,84,,chaotic evil,,Mordenkainen's Tome of Foes,21,18,21,8,12,13
the-lost,,7,monstrosity,Medium,15,78,,neutral evil,,Mordenkainen's Tome of Foes,17,12,15,6,7,5
warlock-of-the-fiend,,7,humanoid (any race),Medium,12,78,,any alignment,,Volo's Guide to Monsters,10,14,15,12,12,18
grick-alpha,,7,monstrosity,Large,18,75,,neutral,,Monster Manual,18,16,15,4,14,9
mind-flayer,,7,aberration,Medium,15,71,,lawful evil,,Monster Manual,11,12,12,19,17,17
shadow-dancer,,7,humanoid (elf),Medium,15,71,,neutral,,Mordenkainen's Tome of Foes,12,16,13,11,12,12
black-abishai,,7,fiend (devil),Medium,15,58,fly,lawful evil,,Mordenkainen's Tome of Foes,14,17,14,13,16,11
drow-mage,https://www.aidedd.org/dnd/monstres.php?vo=drow-mage,7,humanoid (elf),Medium,12,45,,neutral evil,,Monster Manual (BR),9,14,10,17,13,12
cyclops,https://www.aidedd.org/dnd/monstres.php?vo=cyclops,6,giant,Huge,14,138,,chaotic neutral,,Monster Manual (SRD),22,11,20,8,6,10
young-white-dragon,https://www.aidedd.org/dnd/monstres.php?vo=young-white-dragon,6,dragon,Large,17,133,"fly, swim",chaotic evil,,Monster Manual (SRD),18,10,18,6,11,12
medusa,https://www.aidedd.org/dnd/monstres.php?vo=medusa,6,monstrosity,Medium,15,127,,lawful evil,,Monster Manual (SRD),10,15,16,12,13,15
mammoth,https://www.aidedd.org/dnd/monstres.php?vo=mammoth,6,beast,Huge,13,126,,unaligned,,Monster Manual (SRD),24,9,21,3,11,6
drider,https://www.aidedd.org/dnd/monstres.php?vo=drider,6,monstrosity,Large,19,123,,chaotic evil,,Monster Manual (SRD),16,16,18,13,14,12
chimera,https://www.aidedd.org/dnd/monstres.php?vo=chimera,6,monstrosity,Large,14,114,fly,chaotic evil,,Monster Manual (SRD),19,11,19,3,14,10
wyvern,https://www.aidedd.org/dnd/monstres.php?vo=wyvern,6,dragon,Large,13,110,fly,unaligned,,Monster Manual (SRD),19,10,16,5,12,6
young-brass-dragon,https://www.aidedd.org/dnd/monstres.php?vo=young-brass-dragon,6,dragon,Large,17,110,fly,chaotic good,,Monster Manual (SRD),19,10,17,12,11,15
mouth-of-grolantor,,6,giant (hill giant),Huge,14,105,,chaotic evil,,Volo's Guide to Monsters,21,10,18,5,7,5
invisible-stalker,https://www.aidedd.org/dnd/monstres.php?vo=invisible-stalker,6,elemental,Medium,14,104,fly,neutral,,Monster Manual (SRD),16,19,14,10,15,11
vrock,https://www.aidedd.org/dnd/monstres.php?vo=vrock,6,fiend (demon),Large,15,104,fly,chaotic evil,,Monster Manual (SRD),17,15,18,8,13,8
hobgoblin-warlord,,6,humanoid (goblinoid),Medium,20,97,,lawful evil,,Monster Manual,16,14,16,14,11,15
kuo-toa-archpriest,https://www.aidedd.org/dnd/monstres.php?vo=kuo-toa-archpriest,6,humanoid (kuo-toa),Medium,13,97,swim,neutral evil,,Monster Manual (BR),16,14,16,13,16,14
warlock-of-the-great-old-one,,6,humanoid (any race),Medium,12,91,,any alignment,,Volo's Guide to Monsters,9,14,15,12,12,18
galeb-duhr,https://www.aidedd.org/dnd/monstres.php?vo=galeb-duhr,6,elemental,Medium,16,85,,neutral,,Monster Manual (BR),20,14,20,11,12,11
chasme,,6,fiend (demon),Large,15,84,fly,chaotic evil,,Monster Manual,15,15,12,11,14,10
githzerai-zerth,,6,humanoid (gith),Medium,17,84,,lawful neutral,,Monster Manual,13,18,15,16,17,12
annis-hag,https://www.aidedd.org/dnd/monstres.php?vo=annis-hag,6,fey,Large,17,75,,chaotic evil,,Volo's Guide to Monsters,21,12,14,13,14,15
duergar-warlord,,6,humanoid (dwarf),Medium,20,75,,lawful evil,,Mordenkainen's Tome of Foes,18,11,17,12,12,14
white-abishai,,6,fiend (devil),Medium,15,68,fly,lawful evil,,Mordenkainen's Tome of Foes,16,11,18,11,12,13
gauth,https://www.aidedd.org/dnd/monstres.php?vo=gauth,6,aberration,Medium,15,67,fly,lawful evil,,Volo's Guide to Monsters,10,14,16,15,15,13
bodak,,6,undead,Medium,15,58,,chaotic evil,,Volo's Guide to Monsters,15,16,15,7,12,12
black-gauntlet-of-bane,,6,humanoid (human),Medium,16,51,,lawful evil,,Adventures (Descent into Avernus),,,,,,
conjurer,,6,humanoid (any race),Medium,12,40,,any alignment,,Volo's Guide to Monsters,9,14,11,17,12,11
mage,https://www.aidedd.org/dnd/monstres.php?vo=mage,6,humanoid (any race),Medium,12,40,,any alignment,,Monster Manual (SRD),9,14,11,17,12,11
revenant,https://www.aidedd.org/dnd/monstres.php?vo=revenant,5,undead,Medium,13,136,,neutral,,Monster Manual (BR),18,14,18,13,16,18
shambling-mound,https://www.aidedd.org/dnd/monstres.php?vo=shambling-mound,5,plant,Large,15,136,swim,unaligned,,Monster Manual (SRD),18,8,16,5,10,5
werebear,https://www.aidedd.org/dnd/monstres.php?vo=werebear,5,"humanoid (human, shapechanger)",Medium,10,135,,neutral good,,Monster Manual (SRD),19,10,17,11,12,12
earth-elemental,https://www.aidedd.org/dnd/monstres.php?vo=earth-elemental,5,elemental,Large,17,126,,neutral,,Monster Manual (SRD),20,8,20,5,10,5
giant-shark,https://www.aidedd.org/dnd/monstres.php?vo=giant-shark,5,beast,Huge,13,126,swim,unaligned,,Monster Manual (SRD),23,11,21,1,10,5
brontosaurus,,5,beast,Gargantuan,15,121,,unaligned,,Adventures (Tomb of Annihilation),21,9,17,2,10,7
dragonbait,,5,humanoid (saurial),Medium,17,120,,lawful good,,Adventures (Tomb of Annihilation),15,13,17,14,16,18
gorgon,https://www.aidedd.org/dnd/monstres.php?vo=gorgon,5,monstrosity,Large,19,114,,unaligned,,Monster Manual (SRD),20,11,18,2,12,7
otyugh,https://www.aidedd.org/dnd/monstres.php?vo=otyugh,5,aberration,Large,14,114,,neutral,,Monster Manual (SRD),16,11,19,6,13,6
water-elemental,https://www.aidedd.org/dnd/monstres.php?vo=water-elemental,5,elemental,Large,14,114,swim,neutral,,Monster Manual (SRD),18,14,18,5,10,8
gladiator,https://www.aidedd.org/dnd/monstres.php?vo=gladiator,5,humanoid (any race),Medium,16,112,,any alignment,,Monster Manual (SRD),18,15,16,10,12,15
night-hag,https://www.aidedd.org/dnd/monstres.php?vo=night-hag,5,fiend,Medium,17,112,,neutral evil,,Monster Manual (SRD),18,15,16,16,14,16
barbed-devil,https://www.aidedd.org/dnd/monstres.php?vo=barbed-devil,5,fiend (devil),Medium,15,110,,lawful evil,,Monster Manual (SRD),16,17,18,12,14,14
hill-giant,https://www.aidedd.org/dnd/monstres.php?vo=hill-giant,5,giant,Huge,13,105,,chaotic evil,,Monster Manual (SRD),21,8,19,5,9,6
fire-elemental,https://www.aidedd.org/dnd/monstres.php?vo=fire-elemental,5,elemental,Large,13,102,,neutral,,Monster Manual (SRD),10,17,16,6,10,7
kruthik-hive-lord,,5,monstrosity,Large,20,102,,unaligned,,Mordenkainen's Tome of Foes,19,16,17,10,14,10
tanarukk,https://www.aidedd.org/dnd/monstres.php?vo=tanarukk,5,"fiend (demon, orc)",Medium,14,95,,chaotic evil,,Volo's Guide to Monsters,18,13,20,9,9,9
triceratops,https://www.aidedd.org/dnd/monstres.php?vo=triceratops,5,beast,Huge,13,95,,unaligned,,Monster Manual (SRD),22,9,17,2,11,5
bulette,https://www.aidedd.org/dnd/monstres.php?vo=bulette,5,monstrosity,Large,17,94,,unaligned,,Monster Manual (SRD),19,11,21,2,10,5
beholder-zombie,,5,undead,Large,15,93,fly,neutral evil,,Monster Manual,10,8,16,3,8,5
flesh-golem,https://www.aidedd.org/dnd/monstres.php?vo=flesh-golem,5,construct,Medium,9,93,,neutral,,Monster Manual (SRD),19,9,18,6,10,5
red-slaad,,5,aberration,Large,14,93,,chaotic neutral,,Monster Manual,16,12,16,6,6,7
roper,https://www.aidedd.org/dnd/monstres.php?vo=roper,5,monstrosity,Large,20,93,,neutral evil,,Monster Manual (SRD),18,8,17,7,16,6
umber-hulk,https://www.aidedd.org/dnd/monstres.php?vo=umber-hulk,5,monstrosity,Large,18,93,,chaotic evil,,Monster Manual (BR),20,13,16,9,10,10
young-remorhaz,,5,monstrosity,Large,14,93,,unaligned,,Monster Manual,18,13,17,3,10,4
air-elemental,https://www.aidedd.org/dnd/monstres.php?vo=air-elemental,5,elemental,Large,15,90,fly,neutral,,Monster Manual (SRD),14,20,14,6,10,6
salamander,https://www.aidedd.org/dnd/monstres.php?vo=salamander,5,elemental,Large,15,90,,neutral evil,,Monster Manual (SRD),18,14,15,11,10,12
yuan-ti-pit-master,,5,"monstrosity (shapechanger, yuan-ti)",Medium,14,88,,neutral evil,,Volo's Guide to Monsters,16,14,13,14,12,16
giant-crocodile,https://www.aidedd.org/dnd/monstres.php?vo=giant-crocodile,5,beast,Huge,14,85,swim,unaligned,,Monster Manual (SRD),21,9,17,2,10,7
tlincalli,,5,monstrosity,Large,15,85,,neutral evil,,Volo's Guide to Monsters,16,13,16,8,12,8
banderhobb,,5,monstrosity,Large,15,84,,neutral evil,,Volo's Guide to Monsters,20,12,20,11,14,8
catoblepas,,5,monstrosity,Large,14,84,,unaligned,,Volo's Guide to Monsters,19,12,21,3,14,8
master-thief,,5,humanoid (any race),Medium,16,84,,any alignment,,Volo's Guide to Monsters,11,18,14,11,11,12
troll,https://www.aidedd.org/dnd/monstres.php?vo=troll,5,giant,Large,15,84,,chaotic evil,,Monster Manual (SRD),18,13,20,7,9,7
cambion,,5,fiend,Medium,19,82,fly,any evil alignment,,Monster Manual,18,18,16,14,12,16
vampire-spawn,https://www.aidedd.org/dnd/monstres.php?vo=vampire-spawn,5,undead,Medium,15,82,,neutral evil,,Monster Manual (SRD),16,16,16,11,10,12
death-s-head-of-bhaal,,5,humanoid (human),Medium,15,76,,chaotic evil,,Adventures (Descent into Avernus),,,,,,
hulking-crab,,5,beast,Huge,17,76,swim,unaligned,,Adventures (Storm King's Thunder),,,,,,
sahuagin-baron,,5,humanoid (sahuagin),Large,16,76,swim,lawful evil,,Monster Manual,19,15,16,14,13,17
spawn-of-kyuss,,5,undead,Medium,10,76,,chaotic evil,,Volo's Guide to Monsters,16,11,18,5,7,3
adult-oblex,,5,ooze,Medium,14,75,,lawful evil,,Mordenkainen's Tome of Foes,8,19,16,19,12,15
kraken-priest,,5,humanoid (any race),Medium,10,75,swim,any evil alignment,,Volo's Guide to Monsters,12,10,16,10,15,14
mezzoloth,https://www.aidedd.org/dnd/monstres.php?vo=mezzoloth,5,fiend (yugoloth),Medium,18,75,,neutral evil,,Monster Manual (BR),18,11,16,7,10,11
mindwitness,https://www.aidedd.org/dnd/monstres.php?vo=mindwitness,5,aberration,Large,15,75,fly,lawful evil,,Volo's Guide to Monsters,10,14,14,15,15,10
wood-woad,,5,plant,Medium,18,75,,lawful neutral,,Volo's Guide to Monsters,18,12,16,10,13,8
xorn,https://www.aidedd.org/dnd/monstres.php?vo=xorn,5,elemental,Medium,19,73,,neutral,,Monster Manual (SRD),17,10,22,11,10,11
drow-elite-warrior,,5,humanoid (elf),Medium,18,71,,neutral evil,,Monster Manual,13,18,14,11,13,12
star-spawn-mangler,,5,aberration,Medium,14,71,,chaotic evil,,Mordenkainen's Tome of Foes,8,18,12,11,12,7
barlgura,https://www.aidedd.org/dnd/monstres.php?vo=barlgura,5,fiend (demon),Large,15,68,,chaotic evil,,Monster Manual (BR),18,15,16,7,14,9
unicorn,https://www.aidedd.org/dnd/monstres.php?vo=unicorn,5,celestial,Large,12,67,,lawful good,Legendary,Monster Manual (SRD),18,14,15,11,17,16
wraith,https://www.aidedd.org/dnd/monstres.php?vo=wraith,5,undead,Medium,13,67,fly,neutral evil,,Monster Manual (SRD),6,16,16,12,14,15
half-red-dragon-veteran,https://www.aidedd.org/dnd/monstres.php?vo=half-red-dragon-veteran,5,humanoid (human),Medium,18,65,,any alignment,,Monster Manual (BR),16,13,14,10,11,10
hellwasp,,5,fiend,Large,19,52,fly,lawful evil,,Adventures (Descent into Avernus),,,,,,
allip,,5,undead,Medium,13,40,fly,neutral evil,,Mordenkainen's Tome of Foes,6,17,10,17,15,16
enchanter,,5,humanoid (any race),Medium,12,40,,any alignment,,Volo's Guide to Monsters,9,14,11,17,12,11
transmuter,,5,humanoid (any race),Medium,12,40,,any alignment,,Volo's Guide to Monsters,9,14,11,17,12,11
swarm-of-cranium-rats,,5,swarm of Tiny beasts,Medium,12,36,,lawful evil,,Volo's Guide to Monsters,9,14,10,15,11,14
weretiger,https://www.aidedd.org/dnd/monstres.php?vo=weretiger,4,"humanoid (human, shapechanger)",Medium,12,120,,neutral,,Monster Manual (SRD),17,15,16,10,13,11
couatl,https://www.aidedd.org/dnd/monstres.php?vo=couatl,4,celestial,Medium,19,97,fly,lawful good,,Monster Manual (SRD),16,20,17,18,20,18
lamia,https://www.aidedd.org/dnd/monstres.php?vo=lamia,4,monstrosity,Large,13,97,,chaotic evil,,Monster Manual (SRD),16,13,15,14,15,16
chuul,https://www.aidedd.org/dnd/monstres.php?vo=chuul,4,aberration,Large,16,93,swim,chaotic evil,,Monster Manual (SRD),19,10,16,5,11,5
orc-war-chief,,4,humanoid (orc),Medium,16,93,,chaotic evil,,Monster Manual,18,12,18,11,11,16
barghest,https://www.aidedd.org/dnd/monstres.php?vo=barghest,4,fiend (shapechanger),Large,17,90,,neutral evil,,Volo's Guide to Monsters,19,15,14,13,12,14
black-pudding,https://www.aidedd.org/dnd/monstres.php?vo=black-pudding,4,ooze,Large,7,85,,unaligned,,Monster Manual (SRD),16,5,16,1,6,1
ettin,https://www.aidedd.org/dnd/monstres.php?vo=ettin,4,giant,Large,12,85,,chaotic evil,,Monster Manual (SRD),21,8,17,6,10,8
babau,,4,fiend (demon),Medium,16,82,,chaotic evil,,Volo's Guide to Monsters,19,16,16,11,12,13
lizard-king-queen,https://www.aidedd.org/dnd/monstres.php?vo=lizard-king-queen,4,humanoid (lizardfolk),Medium,15,78,swim,chaotic evil,,Monster Manual (BR),17,12,15,11,11,15
wereboar,https://www.aidedd.org/dnd/monstres.php?vo=wereboar,4,"humanoid (human, shapechanger)",Medium,10,78,,neutral evil,,Monster Manual (SRD),17,10,15,10,11,8
elephant,https://www.aidedd.org/dnd/monstres.php?vo=elephant,4,beast,Huge,12,76,,unaligned,,Monster Manual (SRD),22,9,17,3,11,6
stegosaurus,,4,beast,Huge,13,76,,unaligned,,Adventures (Tomb of Annihilation),20,9,17,2,11,5
red-dragon-wyrmling,https://www.aidedd.org/dnd/monstres.php?vo=red-dragon-wyrmling,4,dragon,Medium,17,75,fly,chaotic evil,,Monster Manual (SRD),19,10,17,12,11,15
neogi-master,,4,aberration,Medium,15,71,,lawful evil,,Volo's Guide to Monsters,6,16,14,16,12,18
yuan-ti-mind-whisperer,,4,"monstrosity (shapechanger, yuan-ti)",Medium,14,71,,neutral evil,,Volo's Guide to Monsters,16,14,13,14,12,16
yuan-ti-nightmare-speaker,https://www.aidedd.org/dnd/monstres.php?vo=yuan-ti-nightmare-speaker,4,"monstrosity (shapechanger, yuan-ti)",Medium,14,71,,neutral evil,,Volo's Guide to Monsters,16,14,13,14,12,16
kamadan,,4,monstrosity,Large,13,67,,unaligned,,Adventures (Tomb of Annihilation),16,16,14,3,14,10
shadow-demon,https://www.aidedd.org/dnd/monstres.php?vo=shadow-demon,4,fiend (demon),Medium,13,66,fly,chaotic evil,,Monster Manual (BR),1,17,12,14,13,14
succubus,https://www.aidedd.org/dnd/monstres.php?vo=succubus,4,fiend (shapechanger),Medium,15,66,fly,neutral evil,,Monster Manual (SRD),8,17,13,15,12,20
gnoll-fang-of-yeenoghu,,4,fiend (gnoll),Medium,14,65,,chaotic evil,,Monster Manual,17,15,15,10,11,13
helmed-horror,https://www.aidedd.org/dnd/monstres.php?vo=helmed-horror,4,construct,Medium,20,60,fly,neutral,,Monster Manual (BR),18,13,16,10,10,10
orc-blade-of-ilneval,,4,humanoid (orc),Medium,18,60,,chaotic evil,,Volo's Guide to Monsters,17,11,17,10,12,14
girallon,,4,monstrosity,Large,13,59,,unaligned,,Volo's Guide to Monsters,18,16,16,5,12,7
ogre-battering-ram,,4,giant,Large,14,59,,chaotic evil,,Mordenkainen's Tome of Foes,19,8,16,5,7,7
banshee,https://www.aidedd.org/dnd/monstres.php?vo=banshee,4,undead,Medium,12,58,fly,chaotic evil,,Monster Manual (SRD),1,14,10,12,11,17
bone-naga,,4,undead,Large,15,58,,lawful evil,,Monster Manual,15,16,12,15,15,16
yeth-hound,,4,fey,Large,14,51,fly,neutral evil,,Volo's Guide to Monsters,18,17,16,5,12,7
warlock-of-the-archfey,,4,humanoid (any race),Medium,11,49,,any alignment,,Volo's Guide to Monsters,9,13,11,11,12,18
ghost,https://www.aidedd.org/dnd/monstres.php?vo=ghost,4,undead,Medium,11,45,fly,any alignment,,Monster Manual (SRD),7,13,10,10,12,17
hobgoblin-devastator,,4,humanoid (goblinoid),Medium,13,45,,lawful evil,,Volo's Guide to Monsters,13,12,14,16,13,11
iron-cobra,,4,construct,Medium,13,45,,unaligned,,Mordenkainen's Tome of Foes,12,16,14,3,10,1
master-of-souls,,4,humanoid (human),Medium,12,45,,neutral evil,,Adventures (Descent into Avernus),,,,,,
merregon,,4,fiend (devil),Medium,16,45,,lawful evil,,Mordenkainen's Tome of Foes,18,14,17,6,12,8
flameskull,https://www.aidedd.org/dnd/monstres.php?vo=flameskull,4,undead,Tiny,13,40,fly,neutral evil,,Monster Manual (SRD),1,17,14,16,10,11
dybbuk,,4,fiend (demon),Medium,14,37,fly,chaotic evil,,Mordenkainen's Tome of Foes,6,19,16,16,15,14
deathlock,,4,undead,Medium,12,36,,neutral evil,,Mordenkainen's Tome of Foes,11,15,10,14,12,16
killer-whale,https://www.aidedd.org/dnd/monstres.php?vo=killer-whale,3,beast,Huge,12,90,swim,unaligned,,Monster Manual (SRD),19,10,13,3,12,7
assassin-vine,,3,plant,Large,13,85,,unaligned,,Adventures (Tomb of Annihilation),18,10,16,1,10,1
displacer-beast,,3,monstrosity,Large,13,85,,lawful evil,,Monster Manual,18,15,16,6,12,8
trapper,,3,monstrosity,Large,13,85,,unaligned,,Volo's Guide to Monsters,17,10,17,2,13,4
green-hag,https://www.aidedd.org/dnd/monstres.php?vo=green-hag,3,fey,Medium,17,82,,neutral evil,,Monster Manual (SRD),18,12,16,13,14,14
minotaur,https://www.aidedd.org/dnd/monstres.php?vo=minotaur,3,monstrosity,Large,14,76,,chaotic evil,,Monster Manual (SRD),18,11,16,6,16,9
archer,,3,humanoid (any race),Medium,16,75,,any alignment,,Volo's Guide to Monsters,11,18,16,11,13,10
hook-horror,https://www.aidedd.org/dnd/monstres.php?vo=hook-horror,3,monstrosity,Large,15,75,,neutral,,Monster Manual (BR),18,10,15,6,12,7
winter-wolf,https://www.aidedd.org/dnd/monstres.php?vo=winter-wolf,3,monstrosity,Large,13,75,,neutral evil,,Monster Manual (SRD),18,13,14,7,12,8
ankylosaurus,https://www.aidedd.org/dnd/monstres.php?vo=ankylosaurus,3,beast,Huge,15,68,,unaligned,,Monster Manual (SRD),19,11,15,2,12,5
manticore,https://www.aidedd.org/dnd/monstres.php?vo=manticore,3,monstrosity,Large,14,68,fly,lawful evil,,Monster Manual (SRD),17,16,17,7,12,8
nightmare,https://www.aidedd.org/dnd/monstres.php?vo=nightmare,3,fiend,Large,13,68,fly,neutral evil,,Monster Manual (SRD),18,15,16,10,13,15
deep-scion,,3,humanoid (shapechanger),Medium,11,67,swim,neutral evil,,Volo's Guide to Monsters,18,13,16,10,12,14
leucrotta,,3,monstrosity,Large,14,67,,chaotic evil,,Volo's Guide to Monsters,18,14,15,9,12,6
choldrith,,3,monstrosity,Medium,15,66,,chaotic evil,,Volo's Guide to Monsters,12,16,12,11,14,10
swashbuckler,,3,humanoid (any race),Medium,17,66,,any non-lawful alignment,,Volo's Guide to Monsters,12,18,12,14,11,15
yuan-ti-malison,https://www.aidedd.org/dnd/monstres.php?vo=yuan-ti-malison,3,"monstrosity (shapechanger, yuan-ti)",Medium,12,66,,neutral evil,,Monster Manual (BR),16,14,13,14,12,16
bugbear-chief,,3,humanoid (goblinoid),Medium,17,65,,chaotic evil,,Monster Manual,17,14,14,11,12,11
giff,,3,humanoid,Medium,16,60,,lawful neutral,,Mordenkainen's Tome of Foes,18,14,17,11,12,12
gold-dragon-wyrmling,https://www.aidedd.org/dnd/monstres.php?vo=gold-dragon-wyrmling,3,dragon,Medium,17,60,"fly, swim",lawful good,,Monster Manual (SRD),19,14,17,14,11,16
martial-arts-adept,,3,humanoid (any race),Medium,16,60,,any alignment,,Volo's Guide to Monsters,11,17,13,11,16,10
ogre-chain-brute,,3,giant,Large,11,59,,chaotic evil,,Mordenkainen's Tome of Foes,19,8,16,5,7,7
owlbear,https://www.aidedd.org/dnd/monstres.php?vo=owlbear,3,monstrosity,Large,13,59,,unaligned,,Monster Manual (SRD),20,12,17,3,12,7
cave-fisher,,3,monstrosity,Medium,16,58,,unaligned,,Volo's Guide to Monsters,16,13,14,3,10,3
mummy,https://www.aidedd.org/dnd/monstres.php?vo=mummy,3,undead,Medium,11,58,,lawful evil,,Monster Manual (SRD),16,8,15,6,10,12
veteran,https://www.aidedd.org/dnd/monstres.php?vo=veteran,3,humanoid (any race),Medium,17,58,,any alignment,,Monster Manual (SRD),16,13,14,10,11,10
water-weird,https://www.aidedd.org/dnd/monstres.php?vo=water-weird,3,elemental,Large,13,58,swim,neutral,,Monster Manual (BR),17,16,13,11,10,10
werewolf,https://www.aidedd.org/dnd/monstres.php?vo=werewolf,3,"humanoid (human, shapechanger)",Medium,11,58,,chaotic evil,,Monster Manual (SRD),15,13,14,10,11,10
grell,https://www.aidedd.org/dnd/monstres.php?vo=grell,3,aberration,Medium,12,55,fly,neutral evil,,Monster Manual (BR),15,14,13,12,11,9
basilisk,https://www.aidedd.org/dnd/monstres.php?vo=basilisk,3,monstrosity,Medium,15,52,,unaligned,,Monster Manual (SRD),16,8,15,2,8,7
bearded-devil,https://www.aidedd.org/dnd/monstres.php?vo=bearded-devil,3,fiend (devil),Medium,13,52,,lawful evil,,Monster Manual (SRD),16,15,15,9,11,11
blue-dragon-wyrmling,https://www.aidedd.org/dnd/monstres.php?vo=blue-dragon-wyrmling,3,dragon,Medium,17,52,fly,lawful evil,,Monster Manual (SRD),17,10,15,12,11,15
bulezau,,3,fiend (demon),Medium,14,52,,chaotic evil,,Mordenkainen's Tome of Foes,15,14,17,8,9,6
doppelganger,https://www.aidedd.org/dnd/monstres.php?vo=doppelganger,3,monstrosity (shapechanger),Medium,14,52,,neutral,,Monster Manual (SRD),11,18,14,11,12,14
flail-snail,,3,elemental,Large,16,52,,unaligned,,Volo's Guide to Monsters,17,5,20,3,10,5
giant-scorpion,https://www.aidedd.org/dnd/monstres.php?vo=giant-scorpion,3,beast,Large,15,52,,unaligned,,Monster Manual (SRD),15,13,15,1,9,3
knight,https://www.aidedd.org/dnd/monstres.php?vo=knight,3,humanoid (any race),Medium,18,52,,any alignment,,Monster Manual (SRD),16,11,14,11,11,15
orc-red-fang-of-shargaas,,3,humanoid (orc),Medium,15,52,,chaotic evil,,Volo's Guide to Monsters,11,16,15,9,11,9
yeti,https://www.aidedd.org/dnd/monstres.php?vo=yeti,3,monstrosity,Large,12,51,,chaotic evil,,Monster Manual (SRD),18,13,16,8,12,7
githyanki-warrior,,3,humanoid (gith),Medium,17,49,,lawful evil,,Monster Manual,15,14,12,13,13,10
hell-hound,https://www.aidedd.org/dnd/monstres.php?vo=hell-hound,3,fiend,Medium,15,45,,lawful evil,,Monster Manual (SRD),17,12,14,6,13,6
redcap,,3,fey,Small,13,45,,chaotic evil,,Volo's Guide to Monsters,18,13,18,10,12,9
sword-wraith-warrior,,3,undead,Medium,16,45,,lawful evil,,Mordenkainen's Tome of Foes,18,12,17,6,9,10
wight,https://www.aidedd.org/dnd/monstres.php?vo=wight,3,undead,Medium,14,45,,neutral evil,,Monster Manual (SRD),15,14,16,10,13,15
merrenoloth,,3,fiend (yugoloth),Medium,13,40,swim,neutral evil,,Mordenkainen's Tome of Foes,8,17,10,17,14,11
hobgoblin-captain,https://www.aidedd.org/dnd/monstres.php?vo=hobgoblin-captain,3,humanoid (goblinoid),Medium,17,39,,lawful evil,,Monster Manual (BR),15,14,14,12,10,13
spectator,https://www.aidedd.org/dnd/monstres.php?vo=spectator,3,aberration,Medium,14,39,fly,lawful neutral,,Monster Manual,8,14,14,13,14,11
illusionist,,3,humanoid (any race),Medium,12,38,,any alignment,,Volo's Guide to Monsters,9,14,13,16,11,12
deathlock-wight,,3,undead,Medium,12,37,,neutral evil,,Mordenkainen's Tome of Foes,11,14,16,12,14,16
derro-savant,,3,humanoid (derro),Small,13,36,,chaotic evil,,Mordenkainen's Tome of Foes,9,14,12,11,5,14
neogi,,3,aberration,Small,15,33,,lawful evil,,Volo's Guide to Monsters,6,16,14,13,12,15
phase-spider,https://www.aidedd.org/dnd/monstres.php?vo=phase-spider,3,monstrosity,Large,13,32,,unaligned,,Monster Manual (SRD),15,15,12,6,10,6
slithering-tracker,https://www.aidedd.org/dnd/monstres.php?vo=slithering-tracker,3,ooze,Medium,14,32,swim,chaotic evil,,Volo's Guide to Monsters,16,19,15,10,14,11
vampiric-mist,,3,undead,Medium,13,30,fly,chaotic evil,,Mordenkainen's Tome of Foes,6,16,16,6,12,7
ogre-zombie,https://www.aidedd.org/dnd/monstres.php?vo=ogre-zombie,2,undead,Large,8,85,,neutral evil,,Monster Manual (SRD),19,6,18,3,6,5
gelatinous-cube,https://www.aidedd.org/dnd/monstres.php?vo=gelatinous-cube,2,ooze,Large,6,84,,unaligned,,Monster Manual (SRD),14,3,20,1,6,1
plesiosaurus,https://www.aidedd.org/dnd/monstres.php?vo=plesiosaurus,2,beast,Large,13,68,swim,unaligned,,Monster Manual (SRD),18,15,16,2,12,5
berserker,https://www.aidedd.org/dnd/monstres.php?vo=berserker,2,humanoid (any race),Medium,13,67,,any chaotic alignment,,Monster Manual (SRD),16,12,17,9,11,9
gibbering-mouther,https://www.aidedd.org/dnd/monstres.php?vo=gibbering-mouther,2,aberration,Medium,9,67,swim,neutral,,Monster Manual (SRD),10,8,16,3,10,6
minotaur-skeleton,https://www.aidedd.org/dnd/monstres.php?vo=minotaur-skeleton,2,undead,Large,12,67,,lawful evil,,Monster Manual (SRD),18,11,15,6,8,5
bandit-captain,https://www.aidedd.org/dnd/monstres.php?vo=bandit-captain,2,humanoid (any race),Medium,15,65,,any non-lawful alignment,,Monster Manual (SRD),15,16,14,14,11,14
giant-constrictor-snake,https://www.aidedd.org/dnd/monstres.php?vo=giant-constrictor-snake,2,beast,Huge,12,60,swim,unaligned,,Monster Manual (SRD),19,14,12,1,10,3
myconid-sovereign,,2,plant,Large,13,60,,lawful neutral,,Monster Manual,12,10,14,13,15,10
yellow-musk-creeper,,2,plant,Medium,6,60,,unaligned,,Adventures (Tomb of Annihilation),12,3,12,1,10,3
awakened-tree,https://www.aidedd.org/dnd/monstres.php?vo=awakened-tree,2,plant,Huge,13,59,,unaligned,,Monster Manual (SRD),19,6,15,10,10,7
griffon,https://www.aidedd.org/dnd/monstres.php?vo=griffon,2,monstrosity,Large,12,59,fly,unaligned,,Monster Manual (SRD),18,15,16,2,13,8
ogre,https://www.aidedd.org/dnd/monstres.php?vo=ogre,2,giant,Large,11,59,,chaotic evil,,Monster Manual (SRD),19,8,16,5,7,7
ogre-bolt-launcher,,2,giant,Large,13,59,,chaotic evil,,Mordenkainen's Tome of Foes,19,12,16,5,7,7
ogre-howdah,,2,giant,Large,13,59,,chaotic evil,,Mordenkainen's Tome of Foes,19,8,16,5,7,7
pegasus,https://www.aidedd.org/dnd/monstres.php?vo=pegasus,2,celestial,Large,12,59,fly,chaotic good,,Monster Manual (SRD),18,15,16,10,15,13
mimic,https://www.aidedd.org/dnd/monstres.php?vo=mimic,2,monstrosity (shapechanger),Medium,12,58,,neutral,,Monster Manual (SRD),17,12,15,5,13,8
gargoyle,https://www.aidedd.org/dnd/monstres.php?vo=gargoyle,2,elemental,Medium,15,52,fly,chaotic evil,,Monster Manual (SRD),15,11,16,6,11,7
guard-drake,,2,dragon,Medium,14,52,,unaligned,,Volo's Guide to Monsters,16,11,16,4,10,7
saber-toothed-tiger,https://www.aidedd.org/dnd/monstres.php?vo=saber-toothed-tiger,2,beast,Large,12,52,,unaligned,,Monster Manual (SRD),18,14,15,3,12,8
sea-hag,https://www.aidedd.org/dnd/monstres.php?vo=sea-hag,2,fey,Medium,14,52,swim,chaotic evil,,Monster Manual (SRD),16,13,16,12,12,13
allosaurus,https://www.aidedd.org/dnd/monstres.php?vo=allosaurus,2,beast,Large,13,51,,unaligned,,Monster Manual (SRD),19,13,17,2,12,5
carrion-crawler,,2,monstrosity,Large,13,51,,unaligned,,Monster Manual,14,13,16,1,12,5
gnoll-pack-lord,https://www.aidedd.org/dnd/monstres.php?vo=gnoll-pack-lord,2,humanoid (gnoll),Medium,15,49,,chaotic evil,,Monster Manual (BR),16,14,13,8,11,9
grung-elite-warrior,,2,humanoid (grung),Small,13,49,,lawful evil,,Volo's Guide to Monsters,7,16,15,10,11,12
centaur,https://www.aidedd.org/dnd/monstres.php?vo=centaur,2,monstrosity,Large,12,45,,neutral good,,Monster Manual (SRD),18,14,14,9,13,11
hunter-shark,https://www.aidedd.org/dnd/monstres.php?vo=hunter-shark,2,beast,Large,12,45,swim,unaligned,,Monster Manual (SRD),18,13,15,1,10,4
iron-consul,,2,humanoid (human),Medium,16,45,,lawful evil,,Adventures (Descent into Avernus),,,,,,
merrow,https://www.aidedd.org/dnd/monstres.php?vo=merrow,2,monstrosity,Large,13,45,swim,chaotic evil,,Monster Manual (SRD),18,10,15,8,10,9
nothic,https://www.aidedd.org/dnd/monstres.php?vo=nothic,2,aberration,Medium,15,45,,neutral evil,,Monster Manual,14,16,16,13,10,8
ochre-jelly,https://www.aidedd.org/dnd/monstres.php?vo=ochre-jelly,2,ooze,Large,8,45,,unaligned,,Monster Manual (SRD),15,6,14,2,6,1
orc-claw-of-luthic,,2,humanoid (orc),Medium,14,45,,chaotic evil,,Volo's Guide to Monsters,14,15,16,10,15,11
orc-eye-of-gruumsh,https://www.aidedd.org/dnd/monstres.php?vo=orc-eye-of-gruumsh,2,humanoid (orc),Medium,16,45,,chaotic evil,,Monster Manual (BR),16,12,16,9,13,12
quaggoth,,2,humanoid (quaggoth),Medium,13,45,,chaotic neutral,,Monster Manual,17,12,16,6,12,7
rhinoceros,https://www.aidedd.org/dnd/monstres.php?vo=rhinoceros,2,beast,Large,11,45,,unaligned,,Monster Manual (SRD),21,8,15,2,12,6
silver-dragon-wyrmling,https://www.aidedd.org/dnd/monstres.php?vo=silver-dragon-wyrmling,2,dragon,Medium,17,45,fly,lawful good,,Monster Manual (SRD),19,10,17,12,11,15
yuan-ti-broodguard,,2,humanoid (yuan-ti),Medium,14,45,,neutral evil,,Volo's Guide to Monsters,15,14,14,6,11,4
bard,,2,humanoid (any race),Medium,15,44,,any alignment,,Volo's Guide to Monsters,11,14,12,10,13,14
ettercap,https://www.aidedd.org/dnd/monstres.php?vo=ettercap,2,monstrosity,Medium,13,44,,neutral evil,,Monster Manual (SRD),14,15,13,7,12,8
giant-boar,https://www.aidedd.org/dnd/monstres.php?vo=giant-boar,2,beast,Large,12,42,,unaligned,,Monster Manual (SRD),17,10,16,2,7,5
giant-elk,https://www.aidedd.org/dnd/monstres.php?vo=giant-elk,2,beast,Huge,14,42,,unaligned,,Monster Manual (SRD),19,16,14,7,14,10
orog,https://www.aidedd.org/dnd/monstres.php?vo=orog,2,humanoid (orc),Medium,18,42,,chaotic evil,,Monster Manual (BR),18,12,18,12,11,12
polar-bear,https://www.aidedd.org/dnd/monstres.php?vo=polar-bear,2,beast,Large,12,42,swim,unaligned,,Monster Manual (SRD),20,10,16,2,13,7
purple-wormling,,2,monstrosity,Large,12,42,,unaligned,,Adventures (Storm King's Thunder),,,,,,
adult-kruthik,,2,monstrosity,Medium,18,39,,unaligned,,Mordenkainen's Tome of Foes,15,16,15,7,12,8
ankheg,https://www.aidedd.org/dnd/monstres.php?vo=ankheg,2,monstrosity,Large,14,39,,unaligned,,Monster Manual (SRD),17,11,13,1,13,6
azer,https://www.aidedd.org/dnd/monstres.php?vo=azer,2,elemental,Medium,17,39,,lawful neutral,,Monster Manual (SRD),17,12,15,12,13,10
duergar-mind-master,,2,humanoid (dwarf),Medium,14,39,,lawful evil,,Mordenkainen's Tome of Foes,11,17,14,15,10,12
duergar-stone-guard,,2,humanoid (dwarf),Medium,18,39,,lawful evil,,Mordenkainen's Tome of Foes,18,11,14,11,10,9
aurochs,https://www.aidedd.org/dnd/monstres.php?vo=aurochs,2,beast,Large,11,38,,unaligned,,Volo's Guide to Monsters,20,10,19,2,12,5
berbalang,,2,aberration,Medium,14,38,fly,neutral evil,,Mordenkainen's Tome of Foes,9,16,9,17,11,10
githzerai-monk,,2,humanoid (gith),Medium,14,38,,lawful neutral,,Monster Manual,12,15,12,13,14,10
green-dragon-wyrmling,https://www.aidedd.org/dnd/monstres.php?vo=green-dragon-wyrmling,2,dragon,Medium,17,38,"fly, swim",lawful evil,,Monster Manual (SRD),15,12,13,14,11,13
uthgardt-shaman,,2,humanoid (human),Medium,13,38,,neutral evil,,Adventures (Storm King's Thunder),,,,,,
rutterkin,,2,fiend (demon),Medium,12,37,,chaotic evil,,Mordenkainen's Tome of Foes,14,15,17,5,12,6
ghast,https://www.aidedd.org/dnd/monstres.php?vo=ghast,2,undead,Medium,13,36,,chaotic evil,,Monster Manual (SRD),16,17,10,11,10,8
swarm-of-poisonous-snakes,https://www.aidedd.org/dnd/monstres.php?vo=swarm-of-poisonous-snakes,2,swarm of Tiny beasts,Medium,14,36,swim,unaligned,,Monster Manual (SRD),8,18,11,1,10,3
black-dragon-wyrmling,https://www.aidedd.org/dnd/monstres.php?vo=black-dragon-wyrmling,2,dragon,Medium,17,33,"fly, swim",chaotic evil,,Monster Manual (SRD),15,14,13,10,11,13
cult-fanatic,https://www.aidedd.org/dnd/monstres.php?vo=cult-fanatic,2,humanoid (any race),Medium,13,33,,any non-good alignment,,Monster Manual (SRD),11,14,12,10,13,14
peryton,https://www.aidedd.org/dnd/monstres.php?vo=peryton,2,monstrosity,Medium,13,33,fly,chaotic evil,,Monster Manual (BR),16,12,13,9,12,10
rug-of-smothering,https://www.aidedd.org/dnd/monstres.php?vo=rug-of-smothering,2,construct,Large,12,33,,unaligned,,Monster Manual (SRD),17,14,10,1,3,1
sahuagin-priestess,,2,humanoid (sahuagin),Medium,12,33,swim,lawful evil,,Monster Manual,13,11,12,12,14,13
shadow-mastiff,,2,monstrosity,Medium,12,33,,neutral evil,,Volo's Guide to Monsters,16,14,13,5,12,5
tortle-druid,,2,humanoid (tortle),Medium,17,33,,lawful neutral,,Mordenkainen's Tome of Foes,14,10,12,11,15,12
vegepygmy-chief,,2,plant,Small,14,33,,neutral,,Volo's Guide to Monsters,14,14,14,7,12,9
wererat,https://www.aidedd.org/dnd/monstres.php?vo=wererat,2,"humanoid (human, shapechanger)",Medium,12,33,,lawful evil,,Monster Manual (SRD),10,15,12,11,10,8
bronze-dragon-wyrmling,https://www.aidedd.org/dnd/monstres.php?vo=bronze-dragon-wyrmling,2,dragon,Medium,17,32,"fly, swim",lawful good,,Monster Manual (SRD),17,10,15,12,11,15
hobgoblin-iron-shadow,https://www.aidedd.org/dnd/monstres.php?vo=hobgoblin-iron-shadow,2,humanoid (goblinoid),Medium,15,32,,lawful evil,,Volo's Guide to Monsters,14,16,15,14,15,11
pentadrone,,2,construct,Large,16,32,,lawful neutral,,Monster Manual,15,14,12,10,10,13
white-dragon-wyrmling,https://www.aidedd.org/dnd/monstres.php?vo=white-dragon-wyrmling,2,dragon,Medium,16,32,"fly, swim",chaotic evil,,Monster Manual (SRD),14,10,14,5,10,11
meenlock,,2,fey,Small,15,31,,neutral evil,,Volo's Guide to Monsters,7,15,12,11,10,8
orc-hand-of-yurtrus,,2,humanoid (orc),Medium,12,30,,chaotic evil,,Volo's Guide to Monsters,12,11,16,11,14,9
quetzalcoatlus,https://www.aidedd.org/dnd/monstres.php?vo=quetzalcoatlus,2,beast,Huge,13,30,fly,unaligned,,Volo's Guide to Monsters,15,13,13,2,10,5
darkling-elder,,2,fey,Medium,15,27,,chaotic neutral,,Volo's Guide to Monsters,13,17,12,10,14,13
druid,https://www.aidedd.org/dnd/monstres.php?vo=druid,2,humanoid (any race),Medium,11,27,,any alignment,,Monster Manual (SRD),10,12,13,12,15,11
grick,https://www.aidedd.org/dnd/monstres.php?vo=grick,2,monstrosity,Medium,14,27,,neutral,,Monster Manual (SRD),14,14,11,3,14,5
lizardfolk-shaman,https://www.aidedd.org/dnd/monstres.php?vo=lizardfolk-shaman,2,humanoid (lizardfolk),Medium,13,27,swim,neutral,,Monster Manual (BR),15,10,13,10,15,8
priest,https://www.aidedd.org/dnd/monstres.php?vo=priest,2,humanoid (any race),Medium,13,27,,any alignment,,Monster Manual (SRD),10,10,12,13,16,13
reaper-of-bhaal,,2,humanoid (human),Medium,15,27,,chaotic evil,,Adventures (Descent into Avernus),,,,,,
venerable-shadow,https://www.aidedd.org/dnd/monstres.php?vo=venerable-shadow,2,undead,Medium,13,27,,chaotic evil,,Extra (AideDD),6,16,13,6,12,10
duergar-kavalrachni,,2,humanoid (dwarf),Medium,16,26,,lawful evil,,Mordenkainen's Tome of Foes,14,11,14,11,10,9
duergar-xarrorn,,2,humanoid (dwarf),Medium,18,26,,lawful evil,,Mordenkainen's Tome of Foes,16,11,14,11,10,9
spined-devil,,2,fiend (devil),Small,13,22,fly,lawful evil,,Monster Manual,10,15,12,11,14,8
will-o--wisp,https://www.aidedd.org/dnd/monstres.php?vo=will-o--wisp,2,undead,Tiny,19,22,fly,chaotic evil,,Monster Manual (SRD),1,28,10,13,14,11
intellect-devourer,,2,aberration,Tiny,12,21,,lawful evil,,Monster Manual,6,14,13,12,11,10
kuo-toa-whip,https://www.aidedd.org/dnd/monstres.php?vo=kuo-toa-whip,1,humanoid (kuo-toa),Medium,11,65,swim,neutral evil,,Monster Manual (BR),14,10,14,12,14,11
giant-octopus,https://www.aidedd.org/dnd/monstres.php?vo=giant-octopus,1,beast,Large,11,52,swim,unaligned,,Monster Manual (SRD),17,13,13,4,10,4
giant-hyena,https://www.aidedd.org/dnd/monstres.php?vo=giant-hyena,1,beast,Large,12,45,,unaligned,,Monster Manual (SRD),16,14,14,2,12,7
mantrap,,1,plant,Large,12,45,,unaligned,,Adventures (Tomb of Annihilation),15,14,12,1,10,2
quaggoth-spore-servant,,1,plant,Medium,13,45,,unaligned,,Monster Manual,17,12,16,2,6,1
kobold-dragonshield,,1,humanoid (kobold),Small,15,44,,lawful evil,,Volo's Guide to Monsters,12,15,14,8,9,10
tabaxi-hunter,,1,humanoid (tabaxi),Medium,14,40,,chaotic good,,Adventures (Tomb of Annihilation),10,17,11,13,14,15
yuan-ti-pureblood,https://www.aidedd.org/dnd/monstres.php?vo=yuan-ti-pureblood,1,humanoid (yuan-ti),Medium,11,40,,neutral evil,,Monster Manual (BR),11,12,11,13,12,14
death-dog,https://www.aidedd.org/dnd/monstres.php?vo=death-dog,1,monstrosity,Medium,12,39,,neutral evil,,Monster Manual (SRD),15,14,14,3,13,6
giant-toad,https://www.aidedd.org/dnd/monstres.php?vo=giant-toad,1,beast,Large,11,39,swim,unaligned,,Monster Manual (SRD),15,13,13,2,10,3
harpy,https://www.aidedd.org/dnd/monstres.php?vo=harpy,1,monstrosity,Medium,11,38,fly,chaotic evil,,Monster Manual (SRD),12,13,12,7,10,13
dire-wolf,https://www.aidedd.org/dnd/monstres.php?vo=dire-wolf,1,beast,Large,14,37,,unaligned,,Monster Manual (SRD),17,15,15,3,12,7
tiger,https://www.aidedd.org/dnd/monstres.php?vo=tiger,1,beast,Large,12,37,,unaligned,,Monster Manual (SRD),17,15,14,3,12,8
scarecrow,,1,construct,Medium,11,36,,chaotic evil,,Monster Manual,11,13,11,10,10,13
meazel,,1,humanoid (meazel),Medium,13,35,,neutral evil,,Mordenkainen's Tome of Foes,8,17,9,14,13,10
brown-bear,https://www.aidedd.org/dnd/monstres.php?vo=brown-bear,1,beast,Large,11,34,,unaligned,,Monster Manual (SRD),19,10,16,2,13,7
crag-cat,,1,beast,Large,13,34,,unaligned,,Adventures (Storm King's Thunder),,,,,,
animated-armor,https://www.aidedd.org/dnd/monstres.php?vo=animated-armor,1,construct,Medium,18,33,,unaligned,,Monster Manual (SRD),14,11,13,1,3,1
firenewt-warlock-of-imix,,1,humanoid (firenewt),Medium,10,33,,neutral evil,,Volo's Guide to Monsters,13,11,12,9,11,14
maw-demon,,1,fiend (demon),Medium,13,33,,chaotic evil,,Volo's Guide to Monsters,14,8,13,5,8,5
thri-kreen,,1,humanoid (thri-kreen),Medium,15,33,,chaotic neutral,,Monster Manual,12,15,13,8,12,7
ancient-shadow,https://www.aidedd.org/dnd/monstres.php?vo=ancient-shadow,1,undead,Medium,13,32,,chaotic evil,,Extra (AideDD),6,16,14,6,10,8
ice-toad,,1,monstrosity,Medium,12,32,swim,neutral,,Adventures (Tyranny of Dragons),,,,,,
sea-spawn,,1,humanoid,Medium,11,32,swim,neutral evil,,Volo's Guide to Monsters,15,8,15,6,10,8
skull-lasher-of-myrkul,,1,humanoid (human),Medium,12,32,,neutral evil,,Adventures (Descent into Avernus),,,,,,
female-steeder,,1,monstrosity,Large,14,30,,unaligned,,Mordenkainen's Tome of Foes,15,16,14,2,10,3
half-ogre,https://www.aidedd.org/dnd/monstres.php?vo=half-ogre,1,giant,Large,12,30,,any chaotic alignment,,Monster Manual (BR),17,10,14,7,9,10
swarm-of-quippers,https://www.aidedd.org/dnd/monstres.php?vo=swarm-of-quippers,1,swarm of Tiny beasts,Medium,13,28,swim,unaligned,,Monster Manual (SRD),13,16,9,1,7,2
bugbear,https://www.aidedd.org/dnd/monstres.php?vo=bugbear,1,humanoid (goblinoid),Medium,16,27,,chaotic evil,,Monster Manual (SRD),15,14,13,8,11,9
grung-wildling,,1,humanoid (grung),Small,13,27,,lawful evil,,Volo's Guide to Monsters,7,16,15,10,15,11
kobold-scale-sorcerer,,1,humanoid (kobold),Small,15,27,,lawful evil,,Volo's Guide to Monsters,7,15,14,10,9,14
spy,https://www.aidedd.org/dnd/monstres.php?vo=spy,1,humanoid (any race),Medium,12,27,,any alignment,,Monster Manual (SRD),10,15,10,12,14,16
su-monster,,1,monstrosity,Medium,12,27,,chaotic evil,,Adventures (Tomb of Annihilation),14,15,12,9,13,9
thorny,,1,plant,Medium,14,27,,neutral,,Volo's Guide to Monsters,13,12,13,2,10,6
deinonychus,,1,beast,Medium,13,26,,unaligned,,Adventures (Tomb of Annihilation),15,15,14,4,12,6
duergar,https://www.aidedd.org/dnd/monstres.php?vo=duergar,1,humanoid (dwarf),Medium,16,26,,lawful evil,,Monster Manual (SRD),14,11,14,11,10,9
eblis,,1,monstrosity,Large,13,26,fly,neutral evil,,Adventures (Tomb of Annihilation),11,16,12,12,14,11
giant-eagle,https://www.aidedd.org/dnd/monstres.php?vo=giant-eagle,1,beast,Large,13,26,fly,neutral good,,Monster Manual (SRD),16,17,13,8,14,10
giant-spider,https://www.aidedd.org/dnd/monstres.php?vo=giant-spider,1,beast,Large,14,26,,unaligned,,Monster Manual (SRD),14,16,12,2,11,4
lion,https://www.aidedd.org/dnd/monstres.php?vo=lion,1,beast,Large,12,26,,unaligned,,Monster Manual (SRD),17,15,13,3,12,8
pterafolk,,1,monstrosity,Large,12,26,fly,neutral evil,,Adventures (Tomb of Annihilation),15,13,12,9,10,11
wild-dog-alpha,https://www.aidedd.org/dnd/monstres.php?vo=wild-dog-alpha,1,beast,Large,12,26,,unaligned,,Extra (Adventurers League),17,15,13,3,12,8
copper-dragon-wyrmling,https://www.aidedd.org/dnd/monstres.php?vo=copper-dragon-wyrmling,1,dragon,Medium,16,22,fly,chaotic good,,Monster Manual (SRD),15,12,13,14,11,13
dryad,https://www.aidedd.org/dnd/monstres.php?vo=dryad,1,fey,Medium,11,22,,neutral,,Monster Manual (SRD),10,12,11,14,15,18
fire-snake,https://www.aidedd.org/dnd/monstres.php?vo=fire-snake,1,elemental,Medium,14,22,,neutral evil,,Monster Manual (BR),12,14,11,7,10,8
ghoul,https://www.aidedd.org/dnd/monstres.php?vo=ghoul,1,undead,Medium,12,22,,chaotic evil,,Monster Manual (SRD),13,15,10,7,10,6
giant-strider,,1,monstrosity,Large,14,22,,neutral evil,,Volo's Guide to Monsters,18,13,14,4,12,6
giant-vulture,https://www.aidedd.org/dnd/monstres.php?vo=giant-vulture,1,beast,Large,10,22,fly,neutral evil,,Monster Manual (SRD),15,10,15,6,12,7
gnoll-flesh-gnawer,,1,humanoid (gnoll),Medium,14,22,,chaotic evil,,Volo's Guide to Monsters,12,14,12,8,10,8
quadrone,,1,construct,Medium,16,22,fly,lawful neutral,,Monster Manual,12,14,12,10,10,11
specter,https://www.aidedd.org/dnd/monstres.php?vo=specter,1,undead,Medium,12,22,fly,chaotic evil,,Monster Manual (SRD),1,14,11,10,10,11
xvart-warlock-of-raxivort,,1,humanoid (xvart),Small,12,22,,chaotic evil,,Volo's Guide to Monsters,8,14,12,8,11,12
goblin-boss,,1,humanoid (goblinoid),Small,17,21,,neutral evil,,Monster Manual,10,14,10,10,8,10
hippogriff,https://www.aidedd.org/dnd/monstres.php?vo=hippogriff,1,monstrosity,Large,11,19,fly,unaligned,,Monster Manual (SRD),17,13,13,2,12,8
stone-cursed,,1,construct,Medium,17,19,,lawful evil,,Mordenkainen's Tome of Foes,16,5,14,5,8,7
duergar-soulblade,,1,humanoid (dwarf),Medium,14,18,,lawful evil,,Mordenkainen's Tome of Foes,11,16,10,11,10,12
brass-dragon-wyrmling,https://www.aidedd.org/dnd/monstres.php?vo=brass-dragon-wyrmling,1,dragon,Medium,16,16,fly,chaotic good,,Monster Manual (SRD),15,10,13,10,11,13
faerie-dragon,,1,dragon,Tiny,15,14,fly,chaotic good,,Monster Manual,3,20,13,14,12,16
choker,,1,aberration,Small,16,13,,chaotic evil,,Mordenkainen's Tome of Foes,16,14,13,4,12,7
vargouille,,1,fiend,Tiny,12,13,fly,chaotic evil,,Volo's Guide to Monsters,6,14,14,4,7,2
imp,https://www.aidedd.org/dnd/monstres.php?vo=imp,1,"fiend (devil, shapechanger)",Tiny,13,10,fly,lawful evil,,Monster Manual (SRD),6,17,13,11,12,14
quickling,,1,fey,Tiny,16,10,,chaotic evil,,Volo's Guide to Monsters,4,23,13,10,12,7
nilbog,https://www.aidedd.org/dnd/monstres.php?vo=nilbog,1,humanoid (goblinoid),Small,13,7,,chaotic evil,,Volo's Guide to Monsters,8,14,10,10,8,15
quasit,https://www.aidedd.org/dnd/monstres.php?vo=quasit,1,"fiend (demon, shapechanger)",Tiny,13,7,,chaotic evil,,Monster Manual (SRD),5,17,10,7,10,10
aldani,,1,monstrosity,Medium,0,0,swim,lawful neutral,,Adventures (Tomb of Annihilation),13,8,12,10,14,10
warrior-lvl-6,,0,humanoid (any race),Medium,16,45,,any alignment,,Essentials Kit,,,,,,
warrior-lvl-5,,0,humanoid (any race),Medium,16,39,,any alignment,,Essentials Kit,,,,,,
expert-lvl-6,,0,humanoid (any race),Medium,14,38,,any alignment,,Essentials Kit,,,,,,
expert-lvl-5,,0,humanoid (any race),Medium,14,33,,any alignment,,Essentials Kit,,,,,,
warrior-lvl-4,,0,humanoid (any race),Medium,16,32,,any alignment,,Essentials Kit,,,,,,
spellcaster-healer-lvl-6,,0,humanoid (any race),Medium,12,31,,any alignment,,Essentials Kit,,,,,,
spellcaster-mage-lvl-6,,0,humanoid (any race),Medium,12,31,,any alignment,,Essentials Kit,,,,,,
expert-lvl-4,,0,humanoid (any race),Medium,14,27,,any alignment,,Essentials Kit,,,,,,
spellcaster-healer-lvl-5,,0,humanoid (any race),Medium,12,27,,any alignment,,Essentials Kit,,,,,,
spellcaster-mage-lvl-5,,0,humanoid (any race),Medium,12,27,,any alignment,,Essentials Kit,,,,,,
warrior-lvl-3,,0,humanoid (any race),Medium,16,26,,any alignment,,Essentials Kit,,,,,,
expert-lvl-3,,0,humanoid (any race),Medium,14,22,,any alignment,,Essentials Kit,,,,,,
spellcaster-healer-lvl-4,,0,humanoid (any race),Medium,12,22,,any alignment,,Essentials Kit,,,,,,
spellcaster-mage-lvl-4,,0,humanoid (any race),Medium,12,22,,any alignment,,Essentials Kit,,,,,,
warrior-lvl-2,,0,humanoid (any race),Medium,16,19,,any alignment,,Essentials Kit,,,,,,
spellcaster-healer-lvl-3,,0,humanoid (any race),Medium,12,18,,any alignment,,Essentials Kit,,,,,,
spellcaster-mage-lvl-3,,0,humanoid (any race),Medium,12,18,,any alignment,,Essentials Kit,,,,,,
expert-lvl-2,,0,humanoid (any race),Medium,14,16,,any alignment,,Essentials Kit,,,,,,
lemure,https://www.aidedd.org/dnd/monstres.php?vo=lemure,0,fiend (devil),Medium,7,13,,lawful evil,,Monster Manual (SRD),10,5,11,1,11,3
shrieker,https://www.aidedd.org/dnd/monstres.php?vo=shrieker,0,plant,Medium,5,13,,unaligned,,Monster Manual (SRD),1,1,10,1,3,1
spellcaster-healer-lvl-2,,0,humanoid (any race),Medium,12,13,,any alignment,,Essentials Kit,,,,,,
spellcaster-mage-lvl-2,,0,humanoid (any race),Medium,12,13,,any alignment,,Essentials Kit,,,,,,
warrior-lvl-1,,0,humanoid (any race),Medium,16,13,,any alignment,,Essentials Kit,,,,,,
expert-lvl-1,,0,humanoid (any race),Medium,14,11,,any alignment,,Essentials Kit,,,,,,
awakened-shrub,https://www.aidedd.org/dnd/monstres.php?vo=awakened-shrub,0,plant,Small,9,10,,unaligned,,Monster Manual (SRD),3,8,11,10,10,6
spellcaster-healer-lvl-1,,0,humanoid (any race),Medium,12,9,,any alignment,,Essentials Kit,,,,,,
spellcaster-mage-lvl-1,,0,humanoid (any race),Medium,12,9,,any alignment,,Essentials Kit,,,,,,
myconid-sprout,,0,plant,Small,10,7,,lawful neutral,,Monster Manual,8,10,10,8,11,5
homunculus,https://www.aidedd.org/dnd/monstres.php?vo=homunculus,0,construct,Tiny,13,5,fly,neutral,,Monster Manual (SRD),4,15,11,10,10,7
hyena,https://www.aidedd.org/dnd/monstres.php?vo=hyena,0,beast,Medium,11,5,,unaligned,,Monster Manual (SRD),11,13,12,2,12,5
vulture,https://www.aidedd.org/dnd/monstres.php?vo=vulture,0,beast,Medium,10,5,fly,unaligned,,Monster Manual (SRD),7,10,13,2,12,4
commoner,https://www.aidedd.org/dnd/monstres.php?vo=commoner,0,humanoid (any race),Medium,10,4,,any alignment,,Monster Manual (SRD),10,10,10,10,10,10
deer,https://www.aidedd.org/dnd/monstres.php?vo=deer,0,beast,Medium,13,4,,unaligned,,Monster Manual (SRD),11,16,11,2,14,5
giant-fire-beetle,https://www.aidedd.org/dnd/monstres.php?vo=giant-fire-beetle,0,beast,Small,13,4,,unaligned,,Monster Manual (SRD),8,10,12,1,7,3
goat,https://www.aidedd.org/dnd/monstres.php?vo=goat,0,beast,Medium,10,4,,unaligned,,Monster Manual (SRD),12,10,11,2,10,5
baboon,https://www.aidedd.org/dnd/monstres.php?vo=baboon,0,beast,Small,12,3,,unaligned,,Monster Manual (SRD),8,14,11,4,12,6
badger,https://www.aidedd.org/dnd/monstres.php?vo=badger,0,beast,Tiny,10,3,,unaligned,,Monster Manual (SRD),4,11,12,2,12,5
eagle,https://www.aidedd.org/dnd/monstres.php?vo=eagle,0,beast,Small,12,3,fly,unaligned,,Monster Manual (SRD),6,15,10,2,14,7
jackal,https://www.aidedd.org/dnd/monstres.php?vo=jackal,0,beast,Small,12,3,,unaligned,,Monster Manual (SRD),8,15,11,3,12,6
octopus,https://www.aidedd.org/dnd/monstres.php?vo=octopus,0,beast,Small,12,3,swim,unaligned,,Monster Manual (SRD),4,15,11,3,10,4
cat,https://www.aidedd.org/dnd/monstres.php?vo=cat,0,beast,Tiny,12,2,,unaligned,,Monster Manual (SRD),3,15,10,3,12,7
crab,https://www.aidedd.org/dnd/monstres.php?vo=crab,0,beast,Tiny,11,2,swim,unaligned,,Monster Manual (SRD),2,11,10,1,8,2
cranium-rat,,0,beast,Tiny,12,2,,lawful evil,,Volo's Guide to Monsters,2,14,10,4,11,8
crawling-claw,https://www.aidedd.org/dnd/monstres.php?vo=crawling-claw,0,undead,Tiny,12,2,,neutral evil,,Monster Manual (BR),13,14,11,5,10,4
lizard,https://www.aidedd.org/dnd/monstres.php?vo=lizard,0,beast,Tiny,10,2,,unaligned,,Monster Manual (SRD),2,11,10,1,8,3
bat,https://www.aidedd.org/dnd/monstres.php?vo=bat,0,beast,Tiny,12,1,fly,unaligned,,Monster Manual (SRD),2,15,8,2,12,4
frog,https://www.aidedd.org/dnd/monstres.php?vo=frog,0,beast,Tiny,11,1,swim,unaligned,,Monster Manual (SRD),1,13,8,1,8,3
hawk,https://www.aidedd.org/dnd/monstres.php?vo=hawk,0,beast,Tiny,13,1,fly,unaligned,,Monster Manual (SRD),5,16,8,2,14,6
owl,https://www.aidedd.org/dnd/monstres.php?vo=owl,0,beast,Tiny,11,1,fly,unaligned,,Monster Manual (SRD),3,13,8,2,12,7
quipper,https://www.aidedd.org/dnd/monstres.php?vo=quipper,0,beast,Tiny,13,1,swim,unaligned,,Monster Manual (SRD),2,16,9,1,7,2
rat,https://www.aidedd.org/dnd/monstres.php?vo=rat,0,beast,Tiny,10,1,,unaligned,,Monster Manual (SRD),2,11,9,2,10,4
raven,https://www.aidedd.org/dnd/monstres.php?vo=raven,0,beast,Tiny,12,1,fly,unaligned,,Monster Manual (SRD),2,14,8,2,12,6
scorpion,https://www.aidedd.org/dnd/monstres.php?vo=scorpion,0,beast,Tiny,11,1,,unaligned,,Monster Manual (SRD),2,11,8,1,8,2
sea-horse,https://www.aidedd.org/dnd/monstres.php?vo=sea-horse,0,beast,Tiny,11,1,swim,unaligned,,Monster Manual (SRD),1,12,8,1,10,2
spider,https://www.aidedd.org/dnd/monstres.php?vo=spider,0,beast,Tiny,12,1,,unaligned,,Monster Manual (SRD),2,14,8,1,10,2
weasel,https://www.aidedd.org/dnd/monstres.php?vo=weasel,0,beast,Tiny,13,1,,unaligned,,Monster Manual (SRD),3,16,8,2,12,3
